Date as of,First week,Last week,State,County name,FIPS County Code,Deaths involving COVID-19,Deaths from All Causes
10/21/2020,02/01/2020,10/17/2020,AK,Anchorage Borough,2020,35,1458
10/21/2020,02/01/2020,10/17/2020,AK,Fairbanks North Star Borough,2090,13,340
10/21/2020,02/01/2020,10/17/2020,AL,Autauga County,1001,25,363
10/21/2020,02/01/2020,10/17/2020,AL,Baldwin County,1003,77,1569
10/21/2020,02/01/2020,10/17/2020,AL,Barbour County,1005,11,191
10/21/2020,02/01/2020,10/17/2020,AL,Bibb County,1007,17,135
10/21/2020,02/01/2020,10/17/2020,AL,Blount County,1009,12,359
10/21/2020,02/01/2020,10/17/2020,AL,Butler County,1013,27,162
10/21/2020,02/01/2020,10/17/2020,AL,Calhoun County,1015,94,1155
10/21/2020,02/01/2020,10/17/2020,AL,Chilton County,1021,16,290
10/21/2020,02/01/2020,10/17/2020,AL,Clay County,1027,27,139
10/21/2020,02/01/2020,10/17/2020,AL,Coffee County,1031,10,368
10/21/2020,02/01/2020,10/17/2020,AL,Colbert County,1033,38,463
10/21/2020,02/01/2020,10/17/2020,AL,Covington County,1039,55,416
10/21/2020,02/01/2020,10/17/2020,AL,Crenshaw County,1041,26,149
10/21/2020,02/01/2020,10/17/2020,AL,Cullman County,1043,31,734
10/21/2020,02/01/2020,10/17/2020,AL,Dale County,1045,53,357
10/21/2020,02/01/2020,10/17/2020,AL,Dallas County,1047,44,349
10/21/2020,02/01/2020,10/17/2020,AL,DeKalb County,1049,18,500
10/21/2020,02/01/2020,10/17/2020,AL,Elmore County,1051,34,495
10/21/2020,02/01/2020,10/17/2020,AL,Escambia County,1053,20,272
10/21/2020,02/01/2020,10/17/2020,AL,Etowah County,1055,135,1220
10/21/2020,02/01/2020,10/17/2020,AL,Franklin County,1059,13,220
10/21/2020,02/01/2020,10/17/2020,AL,Houston County,1069,235,1486
10/21/2020,02/01/2020,10/17/2020,AL,Jackson County,1071,16,458
10/21/2020,02/01/2020,10/17/2020,AL,Jefferson County,1073,625,7282
10/21/2020,02/01/2020,10/17/2020,AL,Lauderdale County,1077,68,1032
10/21/2020,02/01/2020,10/17/2020,AL,Lee County,1081,147,971
10/21/2020,02/01/2020,10/17/2020,AL,Limestone County,1083,31,588
10/21/2020,02/01/2020,10/17/2020,AL,Madison County,1089,146,3012
10/21/2020,02/01/2020,10/17/2020,AL,Marengo County,1091,16,182
10/21/2020,02/01/2020,10/17/2020,AL,Marion County,1093,25,291
10/21/2020,02/01/2020,10/17/2020,AL,Marshall County,1095,52,876
10/21/2020,02/01/2020,10/17/2020,AL,Mobile County,1097,423,3956
10/21/2020,02/01/2020,10/17/2020,AL,Montgomery County,1101,348,2347
10/21/2020,02/01/2020,10/17/2020,AL,Morgan County,1103,53,976
10/21/2020,02/01/2020,10/17/2020,AL,Pike County,1109,16,222
10/21/2020,02/01/2020,10/17/2020,AL,Russell County,1113,11,278
10/21/2020,02/01/2020,10/17/2020,AL,St. Clair County,1115,40,578
10/21/2020,02/01/2020,10/17/2020,AL,Shelby County,1117,79,1060
10/21/2020,02/01/2020,10/17/2020,AL,Talladega County,1121,30,630
10/21/2020,02/01/2020,10/17/2020,AL,Tallapoosa County,1123,69,404
10/21/2020,02/01/2020,10/17/2020,AL,Tuscaloosa County,1125,216,1735
10/21/2020,02/01/2020,10/17/2020,AL,Walker County,1127,69,765
10/21/2020,02/01/2020,10/17/2020,AL,Washington County,1129,10,96
10/21/2020,02/01/2020,10/17/2020,AL,Winston County,1133,10,204
10/21/2020,02/01/2020,10/17/2020,AR,Baxter County,5005,15,637
10/21/2020,02/01/2020,10/17/2020,AR,Benton County,5007,127,1383
10/21/2020,02/01/2020,10/17/2020,AR,Boone County,5009,18,319
10/21/2020,02/01/2020,10/17/2020,AR,Chicot County,5017,11,81
10/21/2020,02/01/2020,10/17/2020,AR,Columbia County,5027,15,196
10/21/2020,02/01/2020,10/17/2020,AR,Craighead County,5031,122,1506
10/21/2020,02/01/2020,10/17/2020,AR,Crittenden County,5035,20,264
10/21/2020,02/01/2020,10/17/2020,AR,Faulkner County,5045,42,780
10/21/2020,02/01/2020,10/17/2020,AR,Garland County,5051,81,1286
10/21/2020,02/01/2020,10/17/2020,AR,Howard County,5061,10,116
10/21/2020,02/01/2020,10/17/2020,AR,Independence County,5063,34,373
10/21/2020,02/01/2020,10/17/2020,AR,Jefferson County,5069,92,721
10/21/2020,02/01/2020,10/17/2020,AR,Little River County,5081,25,119
10/21/2020,02/01/2020,10/17/2020,AR,Mississippi County,5093,21,272
10/21/2020,02/01/2020,10/17/2020,AR,Newton County,5101,13,74
10/21/2020,02/01/2020,10/17/2020,AR,Pope County,5115,22,485
10/21/2020,02/01/2020,10/17/2020,AR,Pulaski County,5119,298,4690
10/21/2020,02/01/2020,10/17/2020,AR,Randolph County,5121,12,118
10/21/2020,02/01/2020,10/17/2020,AR,Saline County,5125,17,652
10/21/2020,02/01/2020,10/17/2020,AR,Sebastian County,5131,106,1632
10/21/2020,02/01/2020,10/17/2020,AR,Stone County,5137,11,121
10/21/2020,02/01/2020,10/17/2020,AR,Union County,5139,47,405
10/21/2020,02/01/2020,10/17/2020,AR,Washington County,5143,146,1725
10/21/2020,02/01/2020,10/17/2020,AR,White County,5145,28,658
10/21/2020,02/01/2020,10/17/2020,AZ,Apache County,4001,42,387
10/21/2020,02/01/2020,10/17/2020,AZ,Cochise County,4003,30,793
10/21/2020,02/01/2020,10/17/2020,AZ,Coconino County,4005,130,932
10/21/2020,02/01/2020,10/17/2020,AZ,Gila County,4007,30,535
10/21/2020,02/01/2020,10/17/2020,AZ,Graham County,4009,22,227
10/21/2020,02/01/2020,10/17/2020,AZ,Maricopa County,4013,3459,31421
10/21/2020,02/01/2020,10/17/2020,AZ,Mohave County,4015,191,2610
10/21/2020,02/01/2020,10/17/2020,AZ,Navajo County,4017,58,776
10/21/2020,02/01/2020,10/17/2020,AZ,Pima County,4019,737,9080
10/21/2020,02/01/2020,10/17/2020,AZ,Pinal County,4021,84,1977
10/21/2020,02/01/2020,10/17/2020,AZ,Yavapai County,4025,78,2332
10/21/2020,02/01/2020,10/17/2020,AZ,Yuma County,4027,310,1636
10/21/2020,02/01/2020,10/17/2020,CA,Alameda County,6001,434,7891
10/21/2020,02/01/2020,10/17/2020,CA,Amador County,6005,27,313
10/21/2020,02/01/2020,10/17/2020,CA,Butte County,6007,48,1603
10/21/2020,02/01/2020,10/17/2020,CA,Calaveras County,6009,10,274
10/21/2020,02/01/2020,10/17/2020,CA,Contra Costa County,6013,212,5860
10/21/2020,02/01/2020,10/17/2020,CA,Fresno County,6019,426,6008
10/21/2020,02/01/2020,10/17/2020,CA,Imperial County,6025,191,920
10/21/2020,02/01/2020,10/17/2020,CA,Inyo County,6027,14,140
10/21/2020,02/01/2020,10/17/2020,CA,Kern County,6029,413,4959
10/21/2020,02/01/2020,10/17/2020,CA,Kings County,6031,116,732
10/21/2020,02/01/2020,10/17/2020,CA,Lake County,6033,11,470
10/21/2020,02/01/2020,10/17/2020,CA,Los Angeles County,6037,6114,54469
10/21/2020,02/01/2020,10/17/2020,CA,Madera County,6039,91,757
10/21/2020,02/01/2020,10/17/2020,CA,Marin County,6041,98,1488
10/21/2020,02/01/2020,10/17/2020,CA,Mendocino County,6045,16,601
10/21/2020,02/01/2020,10/17/2020,CA,Merced County,6047,83,1172
10/21/2020,02/01/2020,10/17/2020,CA,Monterey County,6053,76,2006
10/21/2020,02/01/2020,10/17/2020,CA,Napa County,6055,18,896
10/21/2020,02/01/2020,10/17/2020,CA,Orange County,6059,1329,16234
10/21/2020,02/01/2020,10/17/2020,CA,Placer County,6061,100,2868
10/21/2020,02/01/2020,10/17/2020,CA,Riverside County,6065,1317,13964
10/21/2020,02/01/2020,10/17/2020,CA,Sacramento County,6067,445,9259
10/21/2020,02/01/2020,10/17/2020,CA,San Bernardino County,6071,1173,12452
10/21/2020,02/01/2020,10/17/2020,CA,San Diego County,6073,1026,17442
10/21/2020,02/01/2020,10/17/2020,CA,San Francisco County,6075,143,4606
10/21/2020,02/01/2020,10/17/2020,CA,San Joaquin County,6077,446,4415
10/21/2020,02/01/2020,10/17/2020,CA,San Luis Obispo County,6079,30,1662
10/21/2020,02/01/2020,10/17/2020,CA,San Mateo County,6081,170,3428
10/21/2020,02/01/2020,10/17/2020,CA,Santa Barbara County,6083,126,2413
10/21/2020,02/01/2020,10/17/2020,CA,Santa Clara County,6085,347,8308
10/21/2020,02/01/2020,10/17/2020,CA,Santa Cruz County,6087,27,1193
10/21/2020,02/01/2020,10/17/2020,CA,Shasta County,6089,27,1774
10/21/2020,02/01/2020,10/17/2020,CA,Solano County,6095,98,2513
10/21/2020,02/01/2020,10/17/2020,CA,Sonoma County,6097,132,3173
10/21/2020,02/01/2020,10/17/2020,CA,Stanislaus County,6099,492,4183
10/21/2020,02/01/2020,10/17/2020,CA,Tulare County,6107,278,2461
10/21/2020,02/01/2020,10/17/2020,CA,Ventura County,6111,174,4305
10/21/2020,02/01/2020,10/17/2020,CA,Yolo County,6113,43,865
10/21/2020,02/01/2020,10/17/2020,CA,Yuba County,6115,19,561
10/21/2020,02/01/2020,10/17/2020,CO,Adams County,8001,305,2859
10/21/2020,02/01/2020,10/17/2020,CO,Arapahoe County,8005,414,3559
10/21/2020,02/01/2020,10/17/2020,CO,Boulder County,8013,93,1781
10/21/2020,02/01/2020,10/17/2020,CO,Broomfield County,8014,24,249
10/21/2020,02/01/2020,10/17/2020,CO,Chaffee County,8015,17,143
10/21/2020,02/01/2020,10/17/2020,CO,Denver County,8031,329,4093
10/21/2020,02/01/2020,10/17/2020,CO,Douglas County,8035,69,1244
10/21/2020,02/01/2020,10/17/2020,CO,El Paso County,8041,191,4000
10/21/2020,02/01/2020,10/17/2020,CO,Jefferson County,8059,257,3749
10/21/2020,02/01/2020,10/17/2020,CO,Larimer County,8069,69,1962
10/21/2020,02/01/2020,10/17/2020,CO,Mesa County,8077,20,1368
10/21/2020,02/01/2020,10/17/2020,CO,Montrose County,8085,14,304
10/21/2020,02/01/2020,10/17/2020,CO,Morgan County,8087,40,195
10/21/2020,02/01/2020,10/17/2020,CO,Pueblo County,8101,36,1559
10/21/2020,02/01/2020,10/17/2020,CO,Weld County,8123,125,1288
10/21/2020,02/01/2020,10/17/2020,CT,Fairfield County,9001,1452,5827
10/21/2020,02/01/2020,10/17/2020,CT,Hartford County,9003,1429,6879
10/21/2020,02/01/2020,10/17/2020,CT,Litchfield County,9005,134,1079
10/21/2020,02/01/2020,10/17/2020,CT,Middlesex County,9007,179,1037
10/21/2020,02/01/2020,10/17/2020,CT,New Haven County,9009,1104,6574
10/21/2020,02/01/2020,10/17/2020,CT,New London County,9011,110,1543
10/21/2020,02/01/2020,10/17/2020,CT,Tolland County,9013,47,502
10/21/2020,02/01/2020,10/17/2020,CT,Windham County,9015,12,613
10/21/2020,02/01/2020,10/17/2020,DC,District of Columbia,11001,775,5172
10/21/2020,02/01/2020,10/17/2020,DE,Kent County,10001,109,1386
10/21/2020,02/01/2020,10/17/2020,DE,New Castle County,10003,284,3924
10/21/2020,02/01/2020,10/17/2020,DE,Sussex County,10005,191,1968
10/21/2020,02/01/2020,10/17/2020,FL,Alachua County,12001,223,2820
10/21/2020,02/01/2020,10/17/2020,FL,Bay County,12005,138,1530
10/21/2020,02/01/2020,10/17/2020,FL,Brevard County,12009,352,5858
10/21/2020,02/01/2020,10/17/2020,FL,Broward County,12011,1694,13112
10/21/2020,02/01/2020,10/17/2020,FL,Charlotte County,12015,146,2324
10/21/2020,02/01/2020,10/17/2020,FL,Citrus County,12017,90,2102
10/21/2020,02/01/2020,10/17/2020,FL,Clay County,12019,116,1724
10/21/2020,02/01/2020,10/17/2020,FL,Collier County,12021,268,2923
10/21/2020,02/01/2020,10/17/2020,FL,Columbia County,12023,78,792
10/21/2020,02/01/2020,10/17/2020,FL,Duval County,12031,621,8081
10/21/2020,02/01/2020,10/17/2020,FL,Escambia County,12033,338,3737
10/21/2020,02/01/2020,10/17/2020,FL,Flagler County,12035,41,1126
10/21/2020,02/01/2020,10/17/2020,FL,Hendry County,12051,16,151
10/21/2020,02/01/2020,10/17/2020,FL,Hernando County,12053,134,2240
10/21/2020,02/01/2020,10/17/2020,FL,Highlands County,12055,103,1382
10/21/2020,02/01/2020,10/17/2020,FL,Hillsborough County,12057,835,9762
10/21/2020,02/01/2020,10/17/2020,FL,Indian River County,12061,89,1710
10/21/2020,02/01/2020,10/17/2020,FL,Jackson County,12063,51,438
10/21/2020,02/01/2020,10/17/2020,FL,Lake County,12069,227,3299
10/21/2020,02/01/2020,10/17/2020,FL,Lee County,12071,462,6017
10/21/2020,02/01/2020,10/17/2020,FL,Leon County,12073,240,2373
10/21/2020,02/01/2020,10/17/2020,FL,Manatee County,12081,336,3533
10/21/2020,02/01/2020,10/17/2020,FL,Marion County,12083,281,4132
10/21/2020,02/01/2020,10/17/2020,FL,Martin County,12085,228,1663
10/21/2020,02/01/2020,10/17/2020,FL,Miami-Dade County,12086,3285,18885
10/21/2020,02/01/2020,10/17/2020,FL,Monroe County,12087,16,412
10/21/2020,02/01/2020,10/17/2020,FL,Nassau County,12089,16,517
10/21/2020,02/01/2020,10/17/2020,FL,Okaloosa County,12091,127,1553
10/21/2020,02/01/2020,10/17/2020,FL,Okeechobee County,12093,29,334
10/21/2020,02/01/2020,10/17/2020,FL,Orange County,12095,641,7974
10/21/2020,02/01/2020,10/17/2020,FL,Osceola County,12097,203,2010
10/21/2020,02/01/2020,10/17/2020,FL,Palm Beach County,12099,1524,12938
10/21/2020,02/01/2020,10/17/2020,FL,Pasco County,12101,181,4831
10/21/2020,02/01/2020,10/17/2020,FL,Pinellas County,12103,771,10002
10/21/2020,02/01/2020,10/17/2020,FL,Polk County,12105,533,5735
10/21/2020,02/01/2020,10/17/2020,FL,Putnam County,12107,28,618
10/21/2020,02/01/2020,10/17/2020,FL,St. Johns County,12109,38,1302
10/21/2020,02/01/2020,10/17/2020,FL,St. Lucie County,12111,199,2717
10/21/2020,02/01/2020,10/17/2020,FL,Santa Rosa County,12113,43,915
10/21/2020,02/01/2020,10/17/2020,FL,Sarasota County,12115,317,4770
10/21/2020,02/01/2020,10/17/2020,FL,Seminole County,12117,171,2687
10/21/2020,02/01/2020,10/17/2020,FL,Sumter County,12119,78,1797
10/21/2020,02/01/2020,10/17/2020,FL,Suwannee County,12121,20,272
10/21/2020,02/01/2020,10/17/2020,FL,Union County,12125,15,110
10/21/2020,02/01/2020,10/17/2020,FL,Volusia County,12127,310,5850
10/21/2020,02/01/2020,10/17/2020,FL,Walton County,12131,32,484
10/21/2020,02/01/2020,10/17/2020,FL,Washington County,12133,20,207
10/21/2020,02/01/2020,10/17/2020,GA,Appling County,13001,16,115
10/21/2020,02/01/2020,10/17/2020,GA,Bacon County,13005,19,116
10/21/2020,02/01/2020,10/17/2020,GA,Baldwin County,13009,60,366
10/21/2020,02/01/2020,10/17/2020,GA,Barrow County,13013,19,315
10/21/2020,02/01/2020,10/17/2020,GA,Bartow County,13015,60,732
10/21/2020,02/01/2020,10/17/2020,GA,Ben Hill County,13017,25,155
10/21/2020,02/01/2020,10/17/2020,GA,Berrien County,13019,10,115
10/21/2020,02/01/2020,10/17/2020,GA,Bibb County,13021,270,2182
10/21/2020,02/01/2020,10/17/2020,GA,Bleckley County,13023,13,73
10/21/2020,02/01/2020,10/17/2020,GA,Bulloch County,13031,52,517
10/21/2020,02/01/2020,10/17/2020,GA,Butts County,13035,20,183
10/21/2020,02/01/2020,10/17/2020,GA,Candler County,13043,17,106
10/21/2020,02/01/2020,10/17/2020,GA,Carroll County,13045,78,909
10/21/2020,02/01/2020,10/17/2020,GA,Chatham County,13051,246,2754
10/21/2020,02/01/2020,10/17/2020,GA,Cherokee County,13057,55,1005
10/21/2020,02/01/2020,10/17/2020,GA,Clarke County,13059,121,1219
10/21/2020,02/01/2020,10/17/2020,GA,Clayton County,13063,64,1025
10/21/2020,02/01/2020,10/17/2020,GA,Cobb County,13067,430,4170
10/21/2020,02/01/2020,10/17/2020,GA,Coffee County,13069,49,312
10/21/2020,02/01/2020,10/17/2020,GA,Colquitt County,13071,44,428
10/21/2020,02/01/2020,10/17/2020,GA,Columbia County,13073,14,462
10/21/2020,02/01/2020,10/17/2020,GA,Coweta County,13077,51,766
10/21/2020,02/01/2020,10/17/2020,GA,Crisp County,13081,30,249
10/21/2020,02/01/2020,10/17/2020,GA,Decatur County,13087,16,236
10/21/2020,02/01/2020,10/17/2020,GA,DeKalb County,13089,288,3747
10/21/2020,02/01/2020,10/17/2020,GA,Dodge County,13091,18,147
10/21/2020,02/01/2020,10/17/2020,GA,Dougherty County,13095,212,1113
10/21/2020,02/01/2020,10/17/2020,GA,Douglas County,13097,38,582
10/21/2020,02/01/2020,10/17/2020,GA,Early County,13099,14,102
10/21/2020,02/01/2020,10/17/2020,GA,Effingham County,13103,10,211
10/21/2020,02/01/2020,10/17/2020,GA,Emanuel County,13107,36,192
10/21/2020,02/01/2020,10/17/2020,GA,Fayette County,13113,97,841
10/21/2020,02/01/2020,10/17/2020,GA,Floyd County,13115,113,1273
10/21/2020,02/01/2020,10/17/2020,GA,Forsyth County,13117,70,1196
10/21/2020,02/01/2020,10/17/2020,GA,Franklin County,13119,13,187
10/21/2020,02/01/2020,10/17/2020,GA,Fulton County,13121,672,6868
10/21/2020,02/01/2020,10/17/2020,GA,Glynn County,13127,111,900
10/21/2020,02/01/2020,10/17/2020,GA,Gordon County,13129,33,401
10/21/2020,02/01/2020,10/17/2020,GA,Grady County,13131,17,145
10/21/2020,02/01/2020,10/17/2020,GA,Gwinnett County,13135,345,3227
10/21/2020,02/01/2020,10/17/2020,GA,Habersham County,13137,31,294
10/21/2020,02/01/2020,10/17/2020,GA,Hall County,13139,233,2070
10/21/2020,02/01/2020,10/17/2020,GA,Henry County,13151,104,1429
10/21/2020,02/01/2020,10/17/2020,GA,Houston County,13153,75,973
10/21/2020,02/01/2020,10/17/2020,GA,Jeff Davis County,13161,15,130
10/21/2020,02/01/2020,10/17/2020,GA,Jefferson County,13163,15,128
10/21/2020,02/01/2020,10/17/2020,GA,Jenkins County,13165,14,64
10/21/2020,02/01/2020,10/17/2020,GA,Lamar County,13171,13,111
10/21/2020,02/01/2020,10/17/2020,GA,Laurens County,13175,86,637
10/21/2020,02/01/2020,10/17/2020,GA,Lowndes County,13185,147,937
10/21/2020,02/01/2020,10/17/2020,GA,Mitchell County,13205,15,149
10/21/2020,02/01/2020,10/17/2020,GA,Monroe County,13207,23,207
10/21/2020,02/01/2020,10/17/2020,GA,Muscogee County,13215,263,2186
10/21/2020,02/01/2020,10/17/2020,GA,Newton County,13217,53,592
10/21/2020,02/01/2020,10/17/2020,GA,Oconee County,13219,16,255
10/21/2020,02/01/2020,10/17/2020,GA,Paulding County,13223,37,595
10/21/2020,02/01/2020,10/17/2020,GA,Pickens County,13227,11,278
10/21/2020,02/01/2020,10/17/2020,GA,Pulaski County,13235,23,86
10/21/2020,02/01/2020,10/17/2020,GA,Putnam County,13237,12,134
10/21/2020,02/01/2020,10/17/2020,GA,Richmond County,13245,349,2911
10/21/2020,02/01/2020,10/17/2020,GA,Rockdale County,13247,44,581
10/21/2020,02/01/2020,10/17/2020,GA,Spalding County,13255,97,878
10/21/2020,02/01/2020,10/17/2020,GA,Stephens County,13257,24,245
10/21/2020,02/01/2020,10/17/2020,GA,Sumter County,13261,48,268
10/21/2020,02/01/2020,10/17/2020,GA,Tattnall County,13267,10,125
10/21/2020,02/01/2020,10/17/2020,GA,Thomas County,13275,102,576
10/21/2020,02/01/2020,10/17/2020,GA,Tift County,13277,117,500
10/21/2020,02/01/2020,10/17/2020,GA,Toombs County,13279,61,389
10/21/2020,02/01/2020,10/17/2020,GA,Troup County,13285,97,636
10/21/2020,02/01/2020,10/17/2020,GA,Union County,13291,20,240
10/21/2020,02/01/2020,10/17/2020,GA,Upson County,13293,84,418
10/21/2020,02/01/2020,10/17/2020,GA,Walker County,13295,16,419
10/21/2020,02/01/2020,10/17/2020,GA,Walton County,13297,48,627
10/21/2020,02/01/2020,10/17/2020,GA,Ware County,13299,80,495
10/21/2020,02/01/2020,10/17/2020,GA,Washington County,13303,14,133
10/21/2020,02/01/2020,10/17/2020,GA,Wayne County,13305,26,246
10/21/2020,02/01/2020,10/17/2020,GA,Whitfield County,13313,56,665
10/21/2020,02/01/2020,10/17/2020,HI,Hawaii County,15001,34,1275
10/21/2020,02/01/2020,10/17/2020,HI,Honolulu County,15003,177,5948
10/21/2020,02/01/2020,10/17/2020,HI,Maui County,15009,17,856
10/21/2020,02/01/2020,10/17/2020,IA,Black Hawk County,19013,100,1032
10/21/2020,02/01/2020,10/17/2020,IA,Cerro Gordo County,19033,30,527
10/21/2020,02/01/2020,10/17/2020,IA,Clinton County,19045,29,343
10/21/2020,02/01/2020,10/17/2020,IA,Dallas County,19049,39,325
10/21/2020,02/01/2020,10/17/2020,IA,Des Moines County,19057,15,359
10/21/2020,02/01/2020,10/17/2020,IA,Dubuque County,19061,54,717
10/21/2020,02/01/2020,10/17/2020,IA,Emmet County,19063,12,96
10/21/2020,02/01/2020,10/17/2020,IA,Franklin County,19069,10,82
10/21/2020,02/01/2020,10/17/2020,IA,Guthrie County,19077,10,68
10/21/2020,02/01/2020,10/17/2020,IA,Jasper County,19099,23,221
10/21/2020,02/01/2020,10/17/2020,IA,Johnson County,19103,94,1361
10/21/2020,02/01/2020,10/17/2020,IA,Linn County,19113,133,1522
10/21/2020,02/01/2020,10/17/2020,IA,Mahaska County,19123,20,179
10/21/2020,02/01/2020,10/17/2020,IA,Marshall County,19127,25,324
10/21/2020,02/01/2020,10/17/2020,IA,Muscatine County,19139,44,256
10/21/2020,02/01/2020,10/17/2020,IA,Plymouth County,19149,15,152
10/21/2020,02/01/2020,10/17/2020,IA,Polk County,19153,366,3814
10/21/2020,02/01/2020,10/17/2020,IA,Pottawattamie County,19155,40,716
10/21/2020,02/01/2020,10/17/2020,IA,Poweshiek County,19157,11,147
10/21/2020,02/01/2020,10/17/2020,IA,Scott County,19163,31,1345
10/21/2020,02/01/2020,10/17/2020,IA,Story County,19169,29,460
10/21/2020,02/01/2020,10/17/2020,IA,Tama County,19171,25,117
10/21/2020,02/01/2020,10/17/2020,IA,Wapello County,19179,41,304
10/21/2020,02/01/2020,10/17/2020,IA,Washington County,19183,11,165
10/21/2020,02/01/2020,10/17/2020,IA,Webster County,19187,26,380
10/21/2020,02/01/2020,10/17/2020,IA,Winnebago County,19189,13,73
10/21/2020,02/01/2020,10/17/2020,IA,Woodbury County,19193,139,983
10/21/2020,02/01/2020,10/17/2020,ID,Ada County,16001,222,2976
10/21/2020,02/01/2020,10/17/2020,ID,Bannock County,16005,15,597
10/21/2020,02/01/2020,10/17/2020,ID,Bonneville County,16019,34,876
10/21/2020,02/01/2020,10/17/2020,ID,Canyon County,16027,80,1141
10/21/2020,02/01/2020,10/17/2020,ID,Kootenai County,16055,48,1319
10/21/2020,02/01/2020,10/17/2020,ID,Nez Perce County,16069,23,410
10/21/2020,02/01/2020,10/17/2020,ID,Shoshone County,16079,14,88
10/21/2020,02/01/2020,10/17/2020,ID,Twin Falls County,16083,59,715
10/21/2020,02/01/2020,10/17/2020,IL,Adams County,17001,20,701
10/21/2020,02/01/2020,10/17/2020,IL,Boone County,17007,11,248
10/21/2020,02/01/2020,10/17/2020,IL,Bureau County,17011,10,270
10/21/2020,02/01/2020,10/17/2020,IL,Cass County,17017,10,61
10/21/2020,02/01/2020,10/17/2020,IL,Champaign County,17019,46,1325
10/21/2020,02/01/2020,10/17/2020,IL,Christian County,17021,11,243
10/21/2020,02/01/2020,10/17/2020,IL,Coles County,17029,31,460
10/21/2020,02/01/2020,10/17/2020,IL,Cook County,17031,5118,36210
10/21/2020,02/01/2020,10/17/2020,IL,DeKalb County,17037,36,592
10/21/2020,02/01/2020,10/17/2020,IL,DuPage County,17043,536,5619
10/21/2020,02/01/2020,10/17/2020,IL,Greene County,17061,13,80
10/21/2020,02/01/2020,10/17/2020,IL,Jackson County,17077,51,460
10/21/2020,02/01/2020,10/17/2020,IL,Jefferson County,17081,34,453
10/21/2020,02/01/2020,10/17/2020,IL,Jersey County,17083,16,194
10/21/2020,02/01/2020,10/17/2020,IL,Kane County,17089,288,2746
10/21/2020,02/01/2020,10/17/2020,IL,Kankakee County,17091,74,951
10/21/2020,02/01/2020,10/17/2020,IL,Lake County,17097,404,4280
10/21/2020,02/01/2020,10/17/2020,IL,LaSalle County,17099,45,768
10/21/2020,02/01/2020,10/17/2020,IL,McDonough County,17109,16,213
10/21/2020,02/01/2020,10/17/2020,IL,McHenry County,17111,83,1282
10/21/2020,02/01/2020,10/17/2020,IL,McLean County,17113,37,976
10/21/2020,02/01/2020,10/17/2020,IL,Macon County,17115,49,968
10/21/2020,02/01/2020,10/17/2020,IL,Madison County,17119,105,1980
10/21/2020,02/01/2020,10/17/2020,IL,Morgan County,17137,18,289
10/21/2020,02/01/2020,10/17/2020,IL,Peoria County,17143,108,2216
10/21/2020,02/01/2020,10/17/2020,IL,Richland County,17159,12,189
10/21/2020,02/01/2020,10/17/2020,IL,Rock Island County,17161,69,1183
10/21/2020,02/01/2020,10/17/2020,IL,St. Clair County,17163,175,1977
10/21/2020,02/01/2020,10/17/2020,IL,Sangamon County,17167,84,2051
10/21/2020,02/01/2020,10/17/2020,IL,Tazewell County,17179,19,783
10/21/2020,02/01/2020,10/17/2020,IL,Whiteside County,17195,13,446
10/21/2020,02/01/2020,10/17/2020,IL,Will County,17197,335,3579
10/21/2020,02/01/2020,10/17/2020,IL,Williamson County,17199,46,671
10/21/2020,02/01/2020,10/17/2020,IL,Winnebago County,17201,171,2549
10/21/2020,02/01/2020,10/17/2020,IN,Allen County,18003,265,3465
10/21/2020,02/01/2020,10/17/2020,IN,Bartholomew County,18005,81,679
10/21/2020,02/01/2020,10/17/2020,IN,Boone County,18011,47,368
10/21/2020,02/01/2020,10/17/2020,IN,Cass County,18017,12,268
10/21/2020,02/01/2020,10/17/2020,IN,Clark County,18019,55,788
10/21/2020,02/01/2020,10/17/2020,IN,Clinton County,18023,13,250
10/21/2020,02/01/2020,10/17/2020,IN,Daviess County,18027,16,222
10/21/2020,02/01/2020,10/17/2020,IN,Dearborn County,18029,38,299
10/21/2020,02/01/2020,10/17/2020,IN,Decatur County,18031,26,209
10/21/2020,02/01/2020,10/17/2020,IN,De Kalb County,18033,14,298
10/21/2020,02/01/2020,10/17/2020,IN,Delaware County,18035,77,1165
10/21/2020,02/01/2020,10/17/2020,IN,Dubois County,18037,15,359
10/21/2020,02/01/2020,10/17/2020,IN,Elkhart County,18039,130,1392
10/21/2020,02/01/2020,10/17/2020,IN,Floyd County,18043,86,812
10/21/2020,02/01/2020,10/17/2020,IN,Grant County,18053,32,564
10/21/2020,02/01/2020,10/17/2020,IN,Greene County,18055,30,192
10/21/2020,02/01/2020,10/17/2020,IN,Hamilton County,18057,109,1527
10/21/2020,02/01/2020,10/17/2020,IN,Hancock County,18059,32,472
10/21/2020,02/01/2020,10/17/2020,IN,Harrison County,18061,16,256
10/21/2020,02/01/2020,10/17/2020,IN,Hendricks County,18063,156,1195
10/21/2020,02/01/2020,10/17/2020,IN,Henry County,18065,11,350
10/21/2020,02/01/2020,10/17/2020,IN,Howard County,18067,69,836
10/21/2020,02/01/2020,10/17/2020,IN,Jackson County,18071,12,325
10/21/2020,02/01/2020,10/17/2020,IN,Johnson County,18081,92,887
10/21/2020,02/01/2020,10/17/2020,IN,Knox County,18083,25,372
10/21/2020,02/01/2020,10/17/2020,IN,Lake County,18089,468,4748
10/21/2020,02/01/2020,10/17/2020,IN,La Porte County,18091,58,905
10/21/2020,02/01/2020,10/17/2020,IN,Lawrence County,18093,30,330
10/21/2020,02/01/2020,10/17/2020,IN,Madison County,18095,92,1061
10/21/2020,02/01/2020,10/17/2020,IN,Marion County,18097,967,8209
10/21/2020,02/01/2020,10/17/2020,IN,Marshall County,18099,28,336
10/21/2020,02/01/2020,10/17/2020,IN,Monroe County,18105,62,1021
10/21/2020,02/01/2020,10/17/2020,IN,Montgomery County,18107,19,254
10/21/2020,02/01/2020,10/17/2020,IN,Morgan County,18109,34,407
10/21/2020,02/01/2020,10/17/2020,IN,Newton County,18111,10,91
10/21/2020,02/01/2020,10/17/2020,IN,Noble County,18113,24,289
10/21/2020,02/01/2020,10/17/2020,IN,Orange County,18117,16,129
10/21/2020,02/01/2020,10/17/2020,IN,Perry County,18123,12,129
10/21/2020,02/01/2020,10/17/2020,IN,Porter County,18127,45,1221
10/21/2020,02/01/2020,10/17/2020,IN,Putnam County,18133,10,254
10/21/2020,02/01/2020,10/17/2020,IN,St. Joseph County,18141,144,2303
10/21/2020,02/01/2020,10/17/2020,IN,Shelby County,18145,27,314
10/21/2020,02/01/2020,10/17/2020,IN,Tippecanoe County,18157,47,1159
10/21/2020,02/01/2020,10/17/2020,IN,Tipton County,18159,26,136
10/21/2020,02/01/2020,10/17/2020,IN,Vanderburgh County,18163,98,2019
10/21/2020,02/01/2020,10/17/2020,IN,Vigo County,18167,64,1071
10/21/2020,02/01/2020,10/17/2020,IN,Warrick County,18173,46,730
10/21/2020,02/01/2020,10/17/2020,IN,Wayne County,18177,27,793
10/21/2020,02/01/2020,10/17/2020,KS,Crawford County,20037,10,325
10/21/2020,02/01/2020,10/17/2020,KS,Douglas County,20045,17,581
10/21/2020,02/01/2020,10/17/2020,KS,Ellis County,20051,33,270
10/21/2020,02/01/2020,10/17/2020,KS,Finney County,20055,26,189
10/21/2020,02/01/2020,10/17/2020,KS,Ford County,20057,19,177
10/21/2020,02/01/2020,10/17/2020,KS,Johnson County,20091,186,3147
10/21/2020,02/01/2020,10/17/2020,KS,Lyon County,20111,27,194
10/21/2020,02/01/2020,10/17/2020,KS,Reno County,20155,12,531
10/21/2020,02/01/2020,10/17/2020,KS,Saline County,20169,14,475
10/21/2020,02/01/2020,10/17/2020,KS,Sedgwick County,20173,186,4318
10/21/2020,02/01/2020,10/17/2020,KS,Seward County,20175,13,107
10/21/2020,02/01/2020,10/17/2020,KS,Shawnee County,20177,77,1676
10/21/2020,02/01/2020,10/17/2020,KS,Wyandotte County,20209,160,1493
10/21/2020,02/01/2020,10/17/2020,KY,Barren County,21009,18,406
10/21/2020,02/01/2020,10/17/2020,KY,Bell County,21013,10,210
10/21/2020,02/01/2020,10/17/2020,KY,Boone County,21015,10,560
10/21/2020,02/01/2020,10/17/2020,KY,Boyd County,21019,28,799
10/21/2020,02/01/2020,10/17/2020,KY,Boyle County,21021,27,366
10/21/2020,02/01/2020,10/17/2020,KY,Campbell County,21037,78,609
10/21/2020,02/01/2020,10/17/2020,KY,Casey County,21045,10,105
10/21/2020,02/01/2020,10/17/2020,KY,Christian County,21047,17,369
10/21/2020,02/01/2020,10/17/2020,KY,Daviess County,21059,38,936
10/21/2020,02/01/2020,10/17/2020,KY,Fayette County,21067,110,3646
10/21/2020,02/01/2020,10/17/2020,KY,Franklin County,21073,16,411
10/21/2020,02/01/2020,10/17/2020,KY,Graves County,21083,36,315
10/21/2020,02/01/2020,10/17/2020,KY,Hardin County,21093,14,780
10/21/2020,02/01/2020,10/17/2020,KY,Hopkins County,21107,38,500
10/21/2020,02/01/2020,10/17/2020,KY,Jefferson County,21111,499,7818
10/21/2020,02/01/2020,10/17/2020,KY,Kenton County,21117,51,1252
10/21/2020,02/01/2020,10/17/2020,KY,Laurel County,21125,12,465
10/21/2020,02/01/2020,10/17/2020,KY,McCracken County,21145,25,896
10/21/2020,02/01/2020,10/17/2020,KY,Mercer County,21167,14,166
10/21/2020,02/01/2020,10/17/2020,KY,Perry County,21193,12,608
10/21/2020,02/01/2020,10/17/2020,KY,Pike County,21195,27,908
10/21/2020,02/01/2020,10/17/2020,KY,Pulaski County,21199,15,670
10/21/2020,02/01/2020,10/17/2020,KY,Scott County,21209,12,255
10/21/2020,02/01/2020,10/17/2020,KY,Shelby County,21211,13,187
10/21/2020,02/01/2020,10/17/2020,KY,Warren County,21227,108,1184
10/21/2020,02/01/2020,10/17/2020,KY,Whitley County,21235,10,364
10/21/2020,02/01/2020,10/17/2020,LA,Acadia Parish,22001,56,453
10/21/2020,02/01/2020,10/17/2020,LA,Allen Parish,22003,17,162
10/21/2020,02/01/2020,10/17/2020,LA,Ascension Parish,22005,32,420
10/21/2020,02/01/2020,10/17/2020,LA,Avoyelles Parish,22009,17,306
10/21/2020,02/01/2020,10/17/2020,LA,Beauregard Parish,22011,28,224
10/21/2020,02/01/2020,10/17/2020,LA,Bossier Parish,22015,74,736
10/21/2020,02/01/2020,10/17/2020,LA,Caddo Parish,22017,545,3122
10/21/2020,02/01/2020,10/17/2020,LA,Calcasieu Parish,22019,193,1685
10/21/2020,02/01/2020,10/17/2020,LA,Claiborne Parish,22027,15,119
10/21/2020,02/01/2020,10/17/2020,LA,De Soto Parish,22031,12,125
10/21/2020,02/01/2020,10/17/2020,LA,East Baton Rouge Parish,22033,767,4575
10/21/2020,02/01/2020,10/17/2020,LA,East Feliciana Parish,22037,14,132
10/21/2020,02/01/2020,10/17/2020,LA,Evangeline Parish,22039,22,248
10/21/2020,02/01/2020,10/17/2020,LA,Franklin Parish,22041,10,129
10/21/2020,02/01/2020,10/17/2020,LA,Grant Parish,22043,10,127
10/21/2020,02/01/2020,10/17/2020,LA,Iberia Parish,22045,59,589
10/21/2020,02/01/2020,10/17/2020,LA,Jefferson Parish,22051,803,4425
10/21/2020,02/01/2020,10/17/2020,LA,Jefferson Davis Parish,22053,38,290
10/21/2020,02/01/2020,10/17/2020,LA,Lafayette Parish,22055,260,2068
10/21/2020,02/01/2020,10/17/2020,LA,Lafourche Parish,22057,127,748
10/21/2020,02/01/2020,10/17/2020,LA,Lincoln Parish,22061,57,367
10/21/2020,02/01/2020,10/17/2020,LA,Livingston Parish,22063,16,543
10/21/2020,02/01/2020,10/17/2020,LA,Natchitoches Parish,22069,19,253
10/21/2020,02/01/2020,10/17/2020,LA,Orleans Parish,22071,430,3171
10/21/2020,02/01/2020,10/17/2020,LA,Ouachita Parish,22073,233,1559
10/21/2020,02/01/2020,10/17/2020,LA,Pointe Coupee Parish,22077,18,169
10/21/2020,02/01/2020,10/17/2020,LA,Rapides Parish,22079,231,1626
10/21/2020,02/01/2020,10/17/2020,LA,St. Bernard Parish,22087,17,210
10/21/2020,02/01/2020,10/17/2020,LA,St. Charles Parish,22089,31,278
10/21/2020,02/01/2020,10/17/2020,LA,St. James Parish,22093,17,108
10/21/2020,02/01/2020,10/17/2020,LA,St. John the Baptist Parish,22095,34,223
10/21/2020,02/01/2020,10/17/2020,LA,St. Landry Parish,22097,110,731
10/21/2020,02/01/2020,10/17/2020,LA,St. Martin Parish,22099,20,298
10/21/2020,02/01/2020,10/17/2020,LA,St. Mary Parish,22101,57,358
10/21/2020,02/01/2020,10/17/2020,LA,St. Tammany Parish,22103,273,2122
10/21/2020,02/01/2020,10/17/2020,LA,Tangipahoa Parish,22105,103,995
10/21/2020,02/01/2020,10/17/2020,LA,Terrebonne Parish,22109,111,894
10/21/2020,02/01/2020,10/17/2020,LA,Union Parish,22111,22,190
10/21/2020,02/01/2020,10/17/2020,LA,Vermilion Parish,22113,25,395
10/21/2020,02/01/2020,10/17/2020,LA,Vernon Parish,22115,25,260
10/21/2020,02/01/2020,10/17/2020,LA,Washington Parish,22117,30,366
10/21/2020,02/01/2020,10/17/2020,LA,Webster Parish,22119,17,339
10/21/2020,02/01/2020,10/17/2020,LA,Winn Parish,22127,19,118
10/21/2020,02/01/2020,10/17/2020,MA,Barnstable County,25001,134,2086
10/21/2020,02/01/2020,10/17/2020,MA,Berkshire County,25003,41,1138
10/21/2020,02/01/2020,10/17/2020,MA,Bristol County,25005,556,4019
10/21/2020,02/01/2020,10/17/2020,MA,Essex County,25009,1024,5898
10/21/2020,02/01/2020,10/17/2020,MA,Franklin County,25011,36,430
10/21/2020,02/01/2020,10/17/2020,MA,Hampden County,25013,685,4414
10/21/2020,02/01/2020,10/17/2020,MA,Hampshire County,25015,115,961
10/21/2020,02/01/2020,10/17/2020,MA,Middlesex County,25017,1884,9410
10/21/2020,02/01/2020,10/17/2020,MA,Norfolk County,25021,769,4494
10/21/2020,02/01/2020,10/17/2020,MA,Plymouth County,25023,615,3671
10/21/2020,02/01/2020,10/17/2020,MA,Suffolk County,25025,1286,6853
10/21/2020,02/01/2020,10/17/2020,MA,Worcester County,25027,997,6099
10/21/2020,02/01/2020,10/17/2020,MD,Allegany County,24001,24,783
10/21/2020,02/01/2020,10/17/2020,MD,Anne Arundel County,24003,329,3568
10/21/2020,02/01/2020,10/17/2020,MD,Baltimore County,24005,686,6703
10/21/2020,02/01/2020,10/17/2020,MD,Calvert County,24009,15,462
10/21/2020,02/01/2020,10/17/2020,MD,Carroll County,24013,154,1300
10/21/2020,02/01/2020,10/17/2020,MD,Cecil County,24015,41,712
10/21/2020,02/01/2020,10/17/2020,MD,Charles County,24017,89,798
10/21/2020,02/01/2020,10/17/2020,MD,Frederick County,24021,137,1505
10/21/2020,02/01/2020,10/17/2020,MD,Harford County,24025,65,1577
10/21/2020,02/01/2020,10/17/2020,MD,Howard County,24027,99,1371
10/21/2020,02/01/2020,10/17/2020,MD,Kent County,24029,30,230
10/21/2020,02/01/2020,10/17/2020,MD,Montgomery County,24031,1141,6139
10/21/2020,02/01/2020,10/17/2020,MD,Prince George's County,24033,614,4614
10/21/2020,02/01/2020,10/17/2020,MD,St. Mary's County,24037,74,654
10/21/2020,02/01/2020,10/17/2020,MD,Talbot County,24041,27,490
10/21/2020,02/01/2020,10/17/2020,MD,Washington County,24043,47,1310
10/21/2020,02/01/2020,10/17/2020,MD,Wicomico County,24045,71,1065
10/21/2020,02/01/2020,10/17/2020,MD,Worcester County,24047,41,507
10/21/2020,02/01/2020,10/17/2020,MD,Baltimore city,24510,684,7007
10/21/2020,02/01/2020,10/17/2020,ME,Androscoggin County,23001,12,995
10/21/2020,02/01/2020,10/17/2020,ME,Cumberland County,23005,89,2826
10/21/2020,02/01/2020,10/17/2020,ME,Kennebec County,23011,11,1025
10/21/2020,02/01/2020,10/17/2020,ME,Waldo County,23027,16,223
10/21/2020,02/01/2020,10/17/2020,ME,York County,23031,16,1123
10/21/2020,02/01/2020,10/17/2020,MI,Alpena County,26007,15,296
10/21/2020,02/01/2020,10/17/2020,MI,Bay County,26017,42,1075
10/21/2020,02/01/2020,10/17/2020,MI,Berrien County,26021,75,1255
10/21/2020,02/01/2020,10/17/2020,MI,Calhoun County,26025,42,1201
10/21/2020,02/01/2020,10/17/2020,MI,Crawford County,26039,11,157
10/21/2020,02/01/2020,10/17/2020,MI,Genesee County,26049,286,3794
10/21/2020,02/01/2020,10/17/2020,MI,Grand Traverse County,26055,21,1048
10/21/2020,02/01/2020,10/17/2020,MI,Gratiot County,26057,17,331
10/21/2020,02/01/2020,10/17/2020,MI,Hillsdale County,26059,23,326
10/21/2020,02/01/2020,10/17/2020,MI,Ingham County,26065,86,2319
10/21/2020,02/01/2020,10/17/2020,MI,Iron County,26071,10,133
10/21/2020,02/01/2020,10/17/2020,MI,Jackson County,26075,95,1396
10/21/2020,02/01/2020,10/17/2020,MI,Kalamazoo County,26077,120,2265
10/21/2020,02/01/2020,10/17/2020,MI,Kent County,26081,178,4521
10/21/2020,02/01/2020,10/17/2020,MI,Lapeer County,26087,34,634
10/21/2020,02/01/2020,10/17/2020,MI,Livingston County,26093,35,983
10/21/2020,02/01/2020,10/17/2020,MI,Macomb County,26099,713,6397
10/21/2020,02/01/2020,10/17/2020,MI,Marquette County,26103,16,534
10/21/2020,02/01/2020,10/17/2020,MI,Midland County,26111,13,709
10/21/2020,02/01/2020,10/17/2020,MI,Monroe County,26115,11,853
10/21/2020,02/01/2020,10/17/2020,MI,Muskegon County,26121,85,1413
10/21/2020,02/01/2020,10/17/2020,MI,Oakland County,26125,1433,10549
10/21/2020,02/01/2020,10/17/2020,MI,Ottawa County,26139,44,1419
10/21/2020,02/01/2020,10/17/2020,MI,Saginaw County,26145,179,2049
10/21/2020,02/01/2020,10/17/2020,MI,St. Clair County,26147,50,1254
10/21/2020,02/01/2020,10/17/2020,MI,Shiawassee County,26155,19,507
10/21/2020,02/01/2020,10/17/2020,MI,Tuscola County,26157,12,333
10/21/2020,02/01/2020,10/17/2020,MI,Washtenaw County,26161,276,2979
10/21/2020,02/01/2020,10/17/2020,MI,Wayne County,26163,2376,16110
10/21/2020,02/01/2020,10/17/2020,MN,Anoka County,27003,171,1641
10/21/2020,02/01/2020,10/17/2020,MN,Blue Earth County,27013,17,422
10/21/2020,02/01/2020,10/17/2020,MN,Clay County,27027,27,235
10/21/2020,02/01/2020,10/17/2020,MN,Crow Wing County,27035,19,449
10/21/2020,02/01/2020,10/17/2020,MN,Dakota County,27037,70,1678
10/21/2020,02/01/2020,10/17/2020,MN,Goodhue County,27049,10,342
10/21/2020,02/01/2020,10/17/2020,MN,Hennepin County,27053,979,8343
10/21/2020,02/01/2020,10/17/2020,MN,Itasca County,27061,11,318
10/21/2020,02/01/2020,10/17/2020,MN,Martin County,27091,11,137
10/21/2020,02/01/2020,10/17/2020,MN,Mower County,27099,11,230
10/21/2020,02/01/2020,10/17/2020,MN,Nicollet County,27103,12,133
10/21/2020,02/01/2020,10/17/2020,MN,Olmsted County,27109,47,1500
10/21/2020,02/01/2020,10/17/2020,MN,Pipestone County,27117,12,79
10/21/2020,02/01/2020,10/17/2020,MN,Ramsey County,27123,446,4118
10/21/2020,02/01/2020,10/17/2020,MN,Renville County,27129,10,97
10/21/2020,02/01/2020,10/17/2020,MN,St. Louis County,27137,80,2011
10/21/2020,02/01/2020,10/17/2020,MN,Scott County,27139,23,492
10/21/2020,02/01/2020,10/17/2020,MN,Sherburne County,27141,17,392
10/21/2020,02/01/2020,10/17/2020,MN,Stearns County,27145,49,1278
10/21/2020,02/01/2020,10/17/2020,MN,Washington County,27163,39,1112
10/21/2020,02/01/2020,10/17/2020,MN,Winona County,27169,19,254
10/21/2020,02/01/2020,10/17/2020,MO,Boone County,29019,50,1570
10/21/2020,02/01/2020,10/17/2020,MO,Buchanan County,29021,26,793
10/21/2020,02/01/2020,10/17/2020,MO,Butler County,29023,23,515
10/21/2020,02/01/2020,10/17/2020,MO,Camden County,29029,22,425
10/21/2020,02/01/2020,10/17/2020,MO,Cape Girardeau County,29031,71,1045
10/21/2020,02/01/2020,10/17/2020,MO,Cass County,29037,24,559
10/21/2020,02/01/2020,10/17/2020,MO,Clay County,29047,86,1696
10/21/2020,02/01/2020,10/17/2020,MO,Cole County,29051,35,656
10/21/2020,02/01/2020,10/17/2020,MO,Douglas County,29067,12,99
10/21/2020,02/01/2020,10/17/2020,MO,Franklin County,29071,42,677
10/21/2020,02/01/2020,10/17/2020,MO,Gasconade County,29073,15,143
10/21/2020,02/01/2020,10/17/2020,MO,Greene County,29077,181,3174
10/21/2020,02/01/2020,10/17/2020,MO,Howell County,29091,11,438
10/21/2020,02/01/2020,10/17/2020,MO,Jackson County,29095,238,5791
10/21/2020,02/01/2020,10/17/2020,MO,Jasper County,29097,31,668
10/21/2020,02/01/2020,10/17/2020,MO,Jefferson County,29099,56,1125
10/21/2020,02/01/2020,10/17/2020,MO,Johnson County,29101,21,297
10/21/2020,02/01/2020,10/17/2020,MO,Laclede County,29105,19,226
10/21/2020,02/01/2020,10/17/2020,MO,Lafayette County,29107,10,207
10/21/2020,02/01/2020,10/17/2020,MO,Lawrence County,29109,14,283
10/21/2020,02/01/2020,10/17/2020,MO,Marion County,29127,14,279
10/21/2020,02/01/2020,10/17/2020,MO,Newton County,29145,76,1105
10/21/2020,02/01/2020,10/17/2020,MO,Pemiscot County,29155,12,150
10/21/2020,02/01/2020,10/17/2020,MO,Pettis County,29159,14,328
10/21/2020,02/01/2020,10/17/2020,MO,Phelps County,29161,16,371
10/21/2020,02/01/2020,10/17/2020,MO,Platte County,29165,15,474
10/21/2020,02/01/2020,10/17/2020,MO,Polk County,29167,12,250
10/21/2020,02/01/2020,10/17/2020,MO,St. Charles County,29183,139,2250
10/21/2020,02/01/2020,10/17/2020,MO,St. Francois County,29187,14,519
10/21/2020,02/01/2020,10/17/2020,MO,St. Louis County,29189,899,9676
10/21/2020,02/01/2020,10/17/2020,MO,Scott County,29201,18,339
10/21/2020,02/01/2020,10/17/2020,MO,Taney County,29213,21,416
10/21/2020,02/01/2020,10/17/2020,MO,St. Louis city,29510,247,3528
10/21/2020,02/01/2020,10/17/2020,MS,Adams County,28001,48,313
10/21/2020,02/01/2020,10/17/2020,MS,Alcorn County,28003,36,429
10/21/2020,02/01/2020,10/17/2020,MS,Attala County,28007,13,179
10/21/2020,02/01/2020,10/17/2020,MS,Bolivar County,28011,39,269
10/21/2020,02/01/2020,10/17/2020,MS,Clarke County,28023,17,101
10/21/2020,02/01/2020,10/17/2020,MS,Coahoma County,28027,28,213
10/21/2020,02/01/2020,10/17/2020,MS,Copiah County,28029,16,186
10/21/2020,02/01/2020,10/17/2020,MS,DeSoto County,28033,134,1171
10/21/2020,02/01/2020,10/17/2020,MS,Forrest County,28035,204,1238
10/21/2020,02/01/2020,10/17/2020,MS,George County,28039,10,170
10/21/2020,02/01/2020,10/17/2020,MS,Grenada County,28043,22,228
10/21/2020,02/01/2020,10/17/2020,MS,Hancock County,28045,11,278
10/21/2020,02/01/2020,10/17/2020,MS,Harrison County,28047,98,1798
10/21/2020,02/01/2020,10/17/2020,MS,Hinds County,28049,514,3561
10/21/2020,02/01/2020,10/17/2020,MS,Holmes County,28051,18,131
10/21/2020,02/01/2020,10/17/2020,MS,Itawamba County,28057,10,130
10/21/2020,02/01/2020,10/17/2020,MS,Jackson County,28059,83,1142
10/21/2020,02/01/2020,10/17/2020,MS,Jones County,28067,70,547
10/21/2020,02/01/2020,10/17/2020,MS,Lafayette County,28071,105,607
10/21/2020,02/01/2020,10/17/2020,MS,Lamar County,28073,63,418
10/21/2020,02/01/2020,10/17/2020,MS,Lauderdale County,28075,253,1144
10/21/2020,02/01/2020,10/17/2020,MS,Lawrence County,28077,10,100
10/21/2020,02/01/2020,10/17/2020,MS,Leake County,28079,16,137
10/21/2020,02/01/2020,10/17/2020,MS,Lee County,28081,216,1660
10/21/2020,02/01/2020,10/17/2020,MS,Leflore County,28083,90,419
10/21/2020,02/01/2020,10/17/2020,MS,Lincoln County,28085,44,320
10/21/2020,02/01/2020,10/17/2020,MS,Lowndes County,28087,83,633
10/21/2020,02/01/2020,10/17/2020,MS,Madison County,28089,58,764
10/21/2020,02/01/2020,10/17/2020,MS,Monroe County,28095,49,303
10/21/2020,02/01/2020,10/17/2020,MS,Montgomery County,28097,12,102
10/21/2020,02/01/2020,10/17/2020,MS,Neshoba County,28099,18,231
10/21/2020,02/01/2020,10/17/2020,MS,Oktibbeha County,28105,42,255
10/21/2020,02/01/2020,10/17/2020,MS,Panola County,28107,12,206
10/21/2020,02/01/2020,10/17/2020,MS,Pearl River County,28109,29,428
10/21/2020,02/01/2020,10/17/2020,MS,Pike County,28113,53,430
10/21/2020,02/01/2020,10/17/2020,MS,Prentiss County,28117,10,167
10/21/2020,02/01/2020,10/17/2020,MS,Rankin County,28121,40,774
10/21/2020,02/01/2020,10/17/2020,MS,Simpson County,28127,26,214
10/21/2020,02/01/2020,10/17/2020,MS,Sunflower County,28133,32,235
10/21/2020,02/01/2020,10/17/2020,MS,Tate County,28137,12,152
10/21/2020,02/01/2020,10/17/2020,MS,Tishomingo County,28141,22,193
10/21/2020,02/01/2020,10/17/2020,MS,Warren County,28149,70,465
10/21/2020,02/01/2020,10/17/2020,MS,Washington County,28151,97,564
10/21/2020,02/01/2020,10/17/2020,MS,Wayne County,28153,19,153
10/21/2020,02/01/2020,10/17/2020,MS,Webster County,28155,13,106
10/21/2020,02/01/2020,10/17/2020,MS,Winston County,28159,11,128
10/21/2020,02/01/2020,10/17/2020,MS,Yazoo County,28163,16,171
10/21/2020,02/01/2020,10/17/2020,MT,Cascade County,30013,17,792
10/21/2020,02/01/2020,10/17/2020,MT,Flathead County,30029,31,843
10/21/2020,02/01/2020,10/17/2020,MT,Yellowstone County,30111,144,1547
10/21/2020,02/01/2020,10/17/2020,NC,Alamance County,37001,18,1052
10/21/2020,02/01/2020,10/17/2020,NC,Beaufort County,37013,11,301
10/21/2020,02/01/2020,10/17/2020,NC,Brunswick County,37019,15,830
10/21/2020,02/01/2020,10/17/2020,NC,Buncombe County,37021,106,2299
10/21/2020,02/01/2020,10/17/2020,NC,Burke County,37023,34,620
10/21/2020,02/01/2020,10/17/2020,NC,Cabarrus County,37025,75,1240
10/21/2020,02/01/2020,10/17/2020,NC,Caldwell County,37027,14,527
10/21/2020,02/01/2020,10/17/2020,NC,Catawba County,37035,47,1156
10/21/2020,02/01/2020,10/17/2020,NC,Chatham County,37037,48,525
10/21/2020,02/01/2020,10/17/2020,NC,Cleveland County,37045,29,705
10/21/2020,02/01/2020,10/17/2020,NC,Columbus County,37047,18,422
10/21/2020,02/01/2020,10/17/2020,NC,Craven County,37049,31,741
10/21/2020,02/01/2020,10/17/2020,NC,Cumberland County,37051,82,1741
10/21/2020,02/01/2020,10/17/2020,NC,Davidson County,37057,18,876
10/21/2020,02/01/2020,10/17/2020,NC,Duplin County,37061,19,274
10/21/2020,02/01/2020,10/17/2020,NC,Durham County,37063,148,2147
10/21/2020,02/01/2020,10/17/2020,NC,Edgecombe County,37065,12,337
10/21/2020,02/01/2020,10/17/2020,NC,Forsyth County,37067,127,3120
10/21/2020,02/01/2020,10/17/2020,NC,Franklin County,37069,10,223
10/21/2020,02/01/2020,10/17/2020,NC,Gaston County,37071,48,1416
10/21/2020,02/01/2020,10/17/2020,NC,Guilford County,37081,204,3174
10/21/2020,02/01/2020,10/17/2020,NC,Halifax County,37083,13,331
10/21/2020,02/01/2020,10/17/2020,NC,Harnett County,37085,28,521
10/21/2020,02/01/2020,10/17/2020,NC,Haywood County,37087,28,447
10/21/2020,02/01/2020,10/17/2020,NC,Henderson County,37089,64,898
10/21/2020,02/01/2020,10/17/2020,NC,Hertford County,37091,21,185
10/21/2020,02/01/2020,10/17/2020,NC,Iredell County,37097,26,972
10/21/2020,02/01/2020,10/17/2020,NC,Johnston County,37101,27,797
10/21/2020,02/01/2020,10/17/2020,NC,Lenoir County,37107,16,371
10/21/2020,02/01/2020,10/17/2020,NC,Lincoln County,37109,16,434
10/21/2020,02/01/2020,10/17/2020,NC,McDowell County,37111,12,213
10/21/2020,02/01/2020,10/17/2020,NC,Mecklenburg County,37119,289,4861
10/21/2020,02/01/2020,10/17/2020,NC,Moore County,37125,53,898
10/21/2020,02/01/2020,10/17/2020,NC,Nash County,37127,19,589
10/21/2020,02/01/2020,10/17/2020,NC,New Hanover County,37129,53,1835
10/21/2020,02/01/2020,10/17/2020,NC,Onslow County,37133,13,569
10/21/2020,02/01/2020,10/17/2020,NC,Orange County,37135,78,924
10/21/2020,02/01/2020,10/17/2020,NC,Pasquotank County,37139,23,325
10/21/2020,02/01/2020,10/17/2020,NC,Pitt County,37147,61,1543
10/21/2020,02/01/2020,10/17/2020,NC,Randolph County,37151,20,735
10/21/2020,02/01/2020,10/17/2020,NC,Robeson County,37155,50,762
10/21/2020,02/01/2020,10/17/2020,NC,Rowan County,37159,56,939
10/21/2020,02/01/2020,10/17/2020,NC,Rutherford County,37161,14,463
10/21/2020,02/01/2020,10/17/2020,NC,Scotland County,37165,12,321
10/21/2020,02/01/2020,10/17/2020,NC,Stanly County,37167,16,390
10/21/2020,02/01/2020,10/17/2020,NC,Surry County,37171,14,607
10/21/2020,02/01/2020,10/17/2020,NC,Union County,37179,37,837
10/21/2020,02/01/2020,10/17/2020,NC,Vance County,37181,45,350
10/21/2020,02/01/2020,10/17/2020,NC,Wake County,37183,259,4125
10/21/2020,02/01/2020,10/17/2020,NC,Wayne County,37191,62,984
10/21/2020,02/01/2020,10/17/2020,NC,Wilkes County,37193,12,407
10/21/2020,02/01/2020,10/17/2020,NC,Wilson County,37195,39,536
10/21/2020,02/01/2020,10/17/2020,ND,Burleigh County,38015,77,884
10/21/2020,02/01/2020,10/17/2020,ND,Cass County,38017,130,1498
10/21/2020,02/01/2020,10/17/2020,ND,Grand Forks County,38035,22,499
10/21/2020,02/01/2020,10/17/2020,ND,Morton County,38059,12,213
10/21/2020,02/01/2020,10/17/2020,ND,Stark County,38089,15,155
10/21/2020,02/01/2020,10/17/2020,ND,Ward County,38101,29,509
10/21/2020,02/01/2020,10/17/2020,NE,Adams County,31001,16,227
10/21/2020,02/01/2020,10/17/2020,NE,Buffalo County,31019,32,403
10/21/2020,02/01/2020,10/17/2020,NE,Dakota County,31043,10,84
10/21/2020,02/01/2020,10/17/2020,NE,Dodge County,31053,19,303
10/21/2020,02/01/2020,10/17/2020,NE,Douglas County,31055,280,3964
10/21/2020,02/01/2020,10/17/2020,NE,Hall County,31079,39,385
10/21/2020,02/01/2020,10/17/2020,NE,Hamilton County,31081,15,59
10/21/2020,02/01/2020,10/17/2020,NE,Lancaster County,31109,65,2042
10/21/2020,02/01/2020,10/17/2020,NE,Lincoln County,31111,13,291
10/21/2020,02/01/2020,10/17/2020,NE,Perkins County,31135,10,31
10/21/2020,02/01/2020,10/17/2020,NE,Sarpy County,31153,15,642
10/21/2020,02/01/2020,10/17/2020,NE,Scotts Bluff County,31157,10,334
10/21/2020,02/01/2020,10/17/2020,NH,Hillsborough County,33011,314,2792
10/21/2020,02/01/2020,10/17/2020,NH,Merrimack County,33013,26,1149
10/21/2020,02/01/2020,10/17/2020,NH,Rockingham County,33015,84,1744
10/21/2020,02/01/2020,10/17/2020,NJ,Atlantic County,34001,213,2302
10/21/2020,02/01/2020,10/17/2020,NJ,Bergen County,34003,2069,7656
10/21/2020,02/01/2020,10/17/2020,NJ,Burlington County,34005,447,2948
10/21/2020,02/01/2020,10/17/2020,NJ,Camden County,34007,573,4894
10/21/2020,02/01/2020,10/17/2020,NJ,Cape May County,34009,78,870
10/21/2020,02/01/2020,10/17/2020,NJ,Cumberland County,34011,119,1215
10/21/2020,02/01/2020,10/17/2020,NJ,Essex County,34013,2039,7148
10/21/2020,02/01/2020,10/17/2020,NJ,Gloucester County,34015,210,2065
10/21/2020,02/01/2020,10/17/2020,NJ,Hudson County,34017,1093,3664
10/21/2020,02/01/2020,10/17/2020,NJ,Hunterdon County,34019,121,692
10/21/2020,02/01/2020,10/17/2020,NJ,Mercer County,34021,532,2551
10/21/2020,02/01/2020,10/17/2020,NJ,Middlesex County,34023,1482,6304
10/21/2020,02/01/2020,10/17/2020,NJ,Monmouth County,34025,861,5345
10/21/2020,02/01/2020,10/17/2020,NJ,Morris County,34027,991,4475
10/21/2020,02/01/2020,10/17/2020,NJ,Ocean County,34029,838,5623
10/21/2020,02/01/2020,10/17/2020,NJ,Passaic County,34031,1000,3599
10/21/2020,02/01/2020,10/17/2020,NJ,Salem County,34033,61,512
10/21/2020,02/01/2020,10/17/2020,NJ,Somerset County,34035,409,2000
10/21/2020,02/01/2020,10/17/2020,NJ,Sussex County,34037,158,955
10/21/2020,02/01/2020,10/17/2020,NJ,Union County,34039,1004,4026
10/21/2020,02/01/2020,10/17/2020,NJ,Warren County,34041,139,772
10/21/2020,02/01/2020,10/17/2020,NM,Bernalillo County,35001,358,5534
10/21/2020,02/01/2020,10/17/2020,NM,Dona Ana County,35013,48,1393
10/21/2020,02/01/2020,10/17/2020,NM,McKinley County,35031,96,460
10/21/2020,02/01/2020,10/17/2020,NM,Sandoval County,35043,86,1001
10/21/2020,02/01/2020,10/17/2020,NM,San Juan County,35045,190,928
10/21/2020,02/01/2020,10/17/2020,NM,Santa Fe County,35049,15,947
10/21/2020,02/01/2020,10/17/2020,NV,Clark County,32003,1378,14733
10/21/2020,02/01/2020,10/17/2020,NV,Washoe County,32031,183,3557
10/21/2020,02/01/2020,10/17/2020,NV,Carson City,32510,12,790
10/21/2020,02/01/2020,10/17/2020,NY,Albany County,36001,208,2932
10/21/2020,02/01/2020,10/17/2020,NY,Bronx County,36005,4312,13406
10/21/2020,02/01/2020,10/17/2020,NY,Broome County,36007,107,1832
10/21/2020,02/01/2020,10/17/2020,NY,Cattaraugus County,36009,12,545
10/21/2020,02/01/2020,10/17/2020,NY,Chemung County,36015,13,661
10/21/2020,02/01/2020,10/17/2020,NY,Columbia County,36021,47,459
10/21/2020,02/01/2020,10/17/2020,NY,Dutchess County,36027,202,2091
10/21/2020,02/01/2020,10/17/2020,NY,Erie County,36029,743,8129
10/21/2020,02/01/2020,10/17/2020,NY,Fulton County,36035,31,366
10/21/2020,02/01/2020,10/17/2020,NY,Herkimer County,36043,13,352
10/21/2020,02/01/2020,10/17/2020,NY,Kings County,36047,6092,18105
10/21/2020,02/01/2020,10/17/2020,NY,Madison County,36053,12,387
10/21/2020,02/01/2020,10/17/2020,NY,Monroe County,36055,353,6073
10/21/2020,02/01/2020,10/17/2020,NY,Nassau County,36059,3240,12077
10/21/2020,02/01/2020,10/17/2020,NY,New York County,36061,3986,14027
10/21/2020,02/01/2020,10/17/2020,NY,Niagara County,36063,80,1640
10/21/2020,02/01/2020,10/17/2020,NY,Oneida County,36065,137,2071
10/21/2020,02/01/2020,10/17/2020,NY,Onondaga County,36067,251,4149
10/21/2020,02/01/2020,10/17/2020,NY,Ontario County,36069,32,780
10/21/2020,02/01/2020,10/17/2020,NY,Orange County,36071,484,2506
10/21/2020,02/01/2020,10/17/2020,NY,Orleans County,36073,44,252
10/21/2020,02/01/2020,10/17/2020,NY,Otsego County,36077,13,600
10/21/2020,02/01/2020,10/17/2020,NY,Putnam County,36079,70,431
10/21/2020,02/01/2020,10/17/2020,NY,Queens County,36081,5462,15758
10/21/2020,02/01/2020,10/17/2020,NY,Rensselaer County,36083,41,1105
10/21/2020,02/01/2020,10/17/2020,NY,Richmond County,36085,989,3698
10/21/2020,02/01/2020,10/17/2020,NY,Rockland County,36087,659,2254
10/21/2020,02/01/2020,10/17/2020,NY,Schenectady County,36093,36,1186
10/21/2020,02/01/2020,10/17/2020,NY,Steuben County,36101,58,716
10/21/2020,02/01/2020,10/17/2020,NY,Suffolk County,36103,2710,11850
10/21/2020,02/01/2020,10/17/2020,NY,Sullivan County,36105,44,495
10/21/2020,02/01/2020,10/17/2020,NY,Tioga County,36107,18,228
10/21/2020,02/01/2020,10/17/2020,NY,Ulster County,36111,59,1035
10/21/2020,02/01/2020,10/17/2020,NY,Warren County,36113,44,723
10/21/2020,02/01/2020,10/17/2020,NY,Washington County,36115,12,403
10/21/2020,02/01/2020,10/17/2020,NY,Westchester County,36119,1898,7085
10/21/2020,02/01/2020,10/17/2020,OH,Allen County,39003,85,1074
10/21/2020,02/01/2020,10/17/2020,OH,Ashtabula County,39007,34,703
10/21/2020,02/01/2020,10/17/2020,OH,Butler County,39017,101,2350
10/21/2020,02/01/2020,10/17/2020,OH,Clark County,39023,35,1187
10/21/2020,02/01/2020,10/17/2020,OH,Clermont County,39025,13,866
10/21/2020,02/01/2020,10/17/2020,OH,Columbiana County,39029,64,816
10/21/2020,02/01/2020,10/17/2020,OH,Cuyahoga County,39035,742,12103
10/21/2020,02/01/2020,10/17/2020,OH,Darke County,39037,36,387
10/21/2020,02/01/2020,10/17/2020,OH,Erie County,39043,45,819
10/21/2020,02/01/2020,10/17/2020,OH,Fairfield County,39045,45,1016
10/21/2020,02/01/2020,10/17/2020,OH,Franklin County,39049,769,10143
10/21/2020,02/01/2020,10/17/2020,OH,Gallia County,39053,16,280
10/21/2020,02/01/2020,10/17/2020,OH,Geauga County,39055,52,665
10/21/2020,02/01/2020,10/17/2020,OH,Greene County,39057,32,881
10/21/2020,02/01/2020,10/17/2020,OH,Hamilton County,39061,350,7480
10/21/2020,02/01/2020,10/17/2020,OH,Hancock County,39063,25,640
10/21/2020,02/01/2020,10/17/2020,OH,Henry County,39069,10,127
10/21/2020,02/01/2020,10/17/2020,OH,Knox County,39083,10,412
10/21/2020,02/01/2020,10/17/2020,OH,Lake County,39085,43,1453
10/21/2020,02/01/2020,10/17/2020,OH,Licking County,39089,55,1113
10/21/2020,02/01/2020,10/17/2020,OH,Lorain County,39093,62,1945
10/21/2020,02/01/2020,10/17/2020,OH,Lucas County,39095,439,4318
10/21/2020,02/01/2020,10/17/2020,OH,Mahoning County,39099,289,2791
10/21/2020,02/01/2020,10/17/2020,OH,Marion County,39101,35,523
10/21/2020,02/01/2020,10/17/2020,OH,Medina County,39103,25,953
10/21/2020,02/01/2020,10/17/2020,OH,Mercer County,39107,10,245
10/21/2020,02/01/2020,10/17/2020,OH,Miami County,39109,37,723
10/21/2020,02/01/2020,10/17/2020,OH,Montgomery County,39113,259,5693
10/21/2020,02/01/2020,10/17/2020,OH,Muskingum County,39119,10,810
10/21/2020,02/01/2020,10/17/2020,OH,Ottawa County,39123,18,237
10/21/2020,02/01/2020,10/17/2020,OH,Pickaway County,39129,15,341
10/21/2020,02/01/2020,10/17/2020,OH,Portage County,39133,46,951
10/21/2020,02/01/2020,10/17/2020,OH,Putnam County,39137,14,175
10/21/2020,02/01/2020,10/17/2020,OH,Richland County,39139,20,1035
10/21/2020,02/01/2020,10/17/2020,OH,Ross County,39141,22,710
10/21/2020,02/01/2020,10/17/2020,OH,Sandusky County,39143,16,389
10/21/2020,02/01/2020,10/17/2020,OH,Scioto County,39145,12,851
10/21/2020,02/01/2020,10/17/2020,OH,Shelby County,39149,10,268
10/21/2020,02/01/2020,10/17/2020,OH,Stark County,39151,190,3402
10/21/2020,02/01/2020,10/17/2020,OH,Summit County,39153,233,4663
10/21/2020,02/01/2020,10/17/2020,OH,Trumbull County,39155,77,1519
10/21/2020,02/01/2020,10/17/2020,OH,Tuscarawas County,39157,20,772
10/21/2020,02/01/2020,10/17/2020,OH,Warren County,39165,41,1292
10/21/2020,02/01/2020,10/17/2020,OH,Washington County,39167,28,595
10/21/2020,02/01/2020,10/17/2020,OH,Wayne County,39169,63,800
10/21/2020,02/01/2020,10/17/2020,OH,Wood County,39173,50,921
10/21/2020,02/01/2020,10/17/2020,OH,Wyandot County,39175,10,167
10/21/2020,02/01/2020,10/17/2020,OK,Bryan County,40013,17,319
10/21/2020,02/01/2020,10/17/2020,OK,Caddo County,40015,15,193
10/21/2020,02/01/2020,10/17/2020,OK,Canadian County,40017,11,494
10/21/2020,02/01/2020,10/17/2020,OK,Cherokee County,40021,10,331
10/21/2020,02/01/2020,10/17/2020,OK,Cleveland County,40027,101,1425
10/21/2020,02/01/2020,10/17/2020,OK,Comanche County,40031,21,750
10/21/2020,02/01/2020,10/17/2020,OK,Delaware County,40041,21,335
10/21/2020,02/01/2020,10/17/2020,OK,Garfield County,40047,32,555
10/21/2020,02/01/2020,10/17/2020,OK,Grady County,40051,13,303
10/21/2020,02/01/2020,10/17/2020,OK,McCurtain County,40089,11,221
10/21/2020,02/01/2020,10/17/2020,OK,Muskogee County,40101,46,686
10/21/2020,02/01/2020,10/17/2020,OK,Oklahoma County,40109,425,7523
10/21/2020,02/01/2020,10/17/2020,OK,Pittsburg County,40121,20,386
10/21/2020,02/01/2020,10/17/2020,OK,Rogers County,40131,12,533
10/21/2020,02/01/2020,10/17/2020,OK,Tulsa County,40143,401,6157
10/21/2020,02/01/2020,10/17/2020,OK,Washington County,40147,41,527
10/21/2020,02/01/2020,10/17/2020,OK,Woodward County,40153,12,141
10/21/2020,02/01/2020,10/17/2020,OR,Clackamas County,41005,53,2519
10/21/2020,02/01/2020,10/17/2020,OR,Deschutes County,41017,21,1228
10/21/2020,02/01/2020,10/17/2020,OR,Lane County,41039,19,2865
10/21/2020,02/01/2020,10/17/2020,OR,Lincoln County,41041,12,389
10/21/2020,02/01/2020,10/17/2020,OR,Linn County,41043,13,1014
10/21/2020,02/01/2020,10/17/2020,OR,Malheur County,41045,10,212
10/21/2020,02/01/2020,10/17/2020,OR,Marion County,41047,81,2090
10/21/2020,02/01/2020,10/17/2020,OR,Multnomah County,41051,187,4976
10/21/2020,02/01/2020,10/17/2020,OR,Umatilla County,41059,31,449
10/21/2020,02/01/2020,10/17/2020,OR,Wasco County,41065,12,229
10/21/2020,02/01/2020,10/17/2020,OR,Washington County,41067,90,2644
10/21/2020,02/01/2020,10/17/2020,OR,Yamhill County,41071,13,662
10/21/2020,02/01/2020,10/17/2020,PA,Adams County,42001,15,644
10/21/2020,02/01/2020,10/17/2020,PA,Allegheny County,42003,458,12144
10/21/2020,02/01/2020,10/17/2020,PA,Armstrong County,42005,16,463
10/21/2020,02/01/2020,10/17/2020,PA,Beaver County,42007,138,1454
10/21/2020,02/01/2020,10/17/2020,PA,Berks County,42011,395,3106
10/21/2020,02/01/2020,10/17/2020,PA,Blair County,42013,31,1406
10/21/2020,02/01/2020,10/17/2020,PA,Bradford County,42015,12,631
10/21/2020,02/01/2020,10/17/2020,PA,Bucks County,42017,596,4776
10/21/2020,02/01/2020,10/17/2020,PA,Butler County,42019,14,1366
10/21/2020,02/01/2020,10/17/2020,PA,Carbon County,42025,20,467
10/21/2020,02/01/2020,10/17/2020,PA,Centre County,42027,13,745
10/21/2020,02/01/2020,10/17/2020,PA,Chester County,42029,428,3368
10/21/2020,02/01/2020,10/17/2020,PA,Clearfield County,42033,11,686
10/21/2020,02/01/2020,10/17/2020,PA,Columbia County,42037,27,339
10/21/2020,02/01/2020,10/17/2020,PA,Cumberland County,42041,110,1896
10/21/2020,02/01/2020,10/17/2020,PA,Dauphin County,42043,204,2571
10/21/2020,02/01/2020,10/17/2020,PA,Delaware County,42045,762,4224
10/21/2020,02/01/2020,10/17/2020,PA,Erie County,42049,51,2387
10/21/2020,02/01/2020,10/17/2020,PA,Franklin County,42055,54,1197
10/21/2020,02/01/2020,10/17/2020,PA,Indiana County,42063,10,604
10/21/2020,02/01/2020,10/17/2020,PA,Lackawanna County,42069,243,2376
10/21/2020,02/01/2020,10/17/2020,PA,Lancaster County,42071,447,4066
10/21/2020,02/01/2020,10/17/2020,PA,Lawrence County,42073,21,780
10/21/2020,02/01/2020,10/17/2020,PA,Lebanon County,42075,59,1073
10/21/2020,02/01/2020,10/17/2020,PA,Lehigh County,42077,525,3854
10/21/2020,02/01/2020,10/17/2020,PA,Luzerne County,42079,187,3074
10/21/2020,02/01/2020,10/17/2020,PA,Lycoming County,42081,33,1037
10/21/2020,02/01/2020,10/17/2020,PA,Mercer County,42085,25,982
10/21/2020,02/01/2020,10/17/2020,PA,Monroe County,42089,113,1074
10/21/2020,02/01/2020,10/17/2020,PA,Montgomery County,42091,1163,7074
10/21/2020,02/01/2020,10/17/2020,PA,Montour County,42093,52,953
10/21/2020,02/01/2020,10/17/2020,PA,Northampton County,42095,277,2215
10/21/2020,02/01/2020,10/17/2020,PA,Northumberland County,42097,73,685
10/21/2020,02/01/2020,10/17/2020,PA,Philadelphia County,42101,1687,12894
10/21/2020,02/01/2020,10/17/2020,PA,Pike County,42103,13,222
10/21/2020,02/01/2020,10/17/2020,PA,Schuylkill County,42107,42,1196
10/21/2020,02/01/2020,10/17/2020,PA,Susquehanna County,42115,35,330
10/21/2020,02/01/2020,10/17/2020,PA,Union County,42119,12,324
10/21/2020,02/01/2020,10/17/2020,PA,Washington County,42125,25,1732
10/21/2020,02/01/2020,10/17/2020,PA,Wayne County,42127,12,409
10/21/2020,02/01/2020,10/17/2020,PA,Westmoreland County,42129,52,2615
10/21/2020,02/01/2020,10/17/2020,PA,York County,42133,185,3208
10/21/2020,02/01/2020,10/17/2020,RI,Kent County,44003,116,1179
10/21/2020,02/01/2020,10/17/2020,RI,Providence County,44007,907,5383
10/21/2020,02/01/2020,10/17/2020,RI,Washington County,44009,62,815
10/21/2020,02/01/2020,10/17/2020,SC,Aiken County,45003,76,1332
10/21/2020,02/01/2020,10/17/2020,SC,Anderson County,45007,191,2002
10/21/2020,02/01/2020,10/17/2020,SC,Beaufort County,45013,71,1180
10/21/2020,02/01/2020,10/17/2020,SC,Berkeley County,45015,54,1078
10/21/2020,02/01/2020,10/17/2020,SC,Calhoun County,45017,13,109
10/21/2020,02/01/2020,10/17/2020,SC,Charleston County,45019,369,3878
10/21/2020,02/01/2020,10/17/2020,SC,Cherokee County,45021,11,352
10/21/2020,02/01/2020,10/17/2020,SC,Chesterfield County,45025,21,338
10/21/2020,02/01/2020,10/17/2020,SC,Clarendon County,45027,32,250
10/21/2020,02/01/2020,10/17/2020,SC,Colleton County,45029,37,401
10/21/2020,02/01/2020,10/17/2020,SC,Darlington County,45031,64,479
10/21/2020,02/01/2020,10/17/2020,SC,Dillon County,45033,17,253
10/21/2020,02/01/2020,10/17/2020,SC,Dorchester County,45035,60,733
10/21/2020,02/01/2020,10/17/2020,SC,Fairfield County,45039,13,175
10/21/2020,02/01/2020,10/17/2020,SC,Florence County,45041,359,2401
10/21/2020,02/01/2020,10/17/2020,SC,Georgetown County,45043,65,755
10/21/2020,02/01/2020,10/17/2020,SC,Greenville County,45045,348,4252
10/21/2020,02/01/2020,10/17/2020,SC,Greenwood County,45047,104,871
10/21/2020,02/01/2020,10/17/2020,SC,Hampton County,45049,21,141
10/21/2020,02/01/2020,10/17/2020,SC,Horry County,45051,214,3194
10/21/2020,02/01/2020,10/17/2020,SC,Jasper County,45053,28,248
10/21/2020,02/01/2020,10/17/2020,SC,Kershaw County,45055,21,464
10/21/2020,02/01/2020,10/17/2020,SC,Lancaster County,45057,52,627
10/21/2020,02/01/2020,10/17/2020,SC,Laurens County,45059,33,540
10/21/2020,02/01/2020,10/17/2020,SC,Lexington County,45063,181,2242
10/21/2020,02/01/2020,10/17/2020,SC,Marion County,45067,15,229
10/21/2020,02/01/2020,10/17/2020,SC,Newberry County,45071,22,325
10/21/2020,02/01/2020,10/17/2020,SC,Oconee County,45073,24,685
10/21/2020,02/01/2020,10/17/2020,SC,Orangeburg County,45075,123,874
10/21/2020,02/01/2020,10/17/2020,SC,Pickens County,45077,33,720
10/21/2020,02/01/2020,10/17/2020,SC,Richland County,45079,332,3295
10/21/2020,02/01/2020,10/17/2020,SC,Saluda County,45081,10,117
10/21/2020,02/01/2020,10/17/2020,SC,Spartanburg County,45083,265,2929
10/21/2020,02/01/2020,10/17/2020,SC,Sumter County,45085,77,925
10/21/2020,02/01/2020,10/17/2020,SC,Williamsburg County,45089,17,212
10/21/2020,02/01/2020,10/17/2020,SC,York County,45091,87,1634
10/21/2020,02/01/2020,10/17/2020,SD,Minnehaha County,46099,174,1834
10/21/2020,02/01/2020,10/17/2020,SD,Pennington County,46103,57,902
10/21/2020,02/01/2020,10/17/2020,SD,Yankton County,46135,11,206
10/21/2020,02/01/2020,10/17/2020,TN,Anderson County,47001,15,829
10/21/2020,02/01/2020,10/17/2020,TN,Blount County,47009,26,1009
10/21/2020,02/01/2020,10/17/2020,TN,Bradley County,47011,25,821
10/21/2020,02/01/2020,10/17/2020,TN,Carroll County,47017,17,263
10/21/2020,02/01/2020,10/17/2020,TN,Carter County,47019,15,493
10/21/2020,02/01/2020,10/17/2020,TN,Coffee County,47031,16,458
10/21/2020,02/01/2020,10/17/2020,TN,Cumberland County,47035,16,615
10/21/2020,02/01/2020,10/17/2020,TN,Davidson County,47037,515,7110
10/21/2020,02/01/2020,10/17/2020,TN,DeKalb County,47041,10,178
10/21/2020,02/01/2020,10/17/2020,TN,Dickson County,47043,23,415
10/21/2020,02/01/2020,10/17/2020,TN,Dyer County,47045,18,378
10/21/2020,02/01/2020,10/17/2020,TN,Gibson County,47053,12,433
10/21/2020,02/01/2020,10/17/2020,TN,Giles County,47055,12,274
10/21/2020,02/01/2020,10/17/2020,TN,Greene County,47059,22,581
10/21/2020,02/01/2020,10/17/2020,TN,Hamblen County,47063,38,637
10/21/2020,02/01/2020,10/17/2020,TN,Hamilton County,47065,184,4125
10/21/2020,02/01/2020,10/17/2020,TN,Henderson County,47077,12,225
10/21/2020,02/01/2020,10/17/2020,TN,Knox County,47093,156,4994
10/21/2020,02/01/2020,10/17/2020,TN,McMinn County,47107,18,450
10/21/2020,02/01/2020,10/17/2020,TN,Madison County,47113,208,1580
10/21/2020,02/01/2020,10/17/2020,TN,Maury County,47119,44,886
10/21/2020,02/01/2020,10/17/2020,TN,Monroe County,47123,13,360
10/21/2020,02/01/2020,10/17/2020,TN,Montgomery County,47125,37,1013
10/21/2020,02/01/2020,10/17/2020,TN,Putnam County,47141,61,934
10/21/2020,02/01/2020,10/17/2020,TN,Robertson County,47147,18,480
10/21/2020,02/01/2020,10/17/2020,TN,Rutherford County,47149,153,2096
10/21/2020,02/01/2020,10/17/2020,TN,Sevier County,47155,12,696
10/21/2020,02/01/2020,10/17/2020,TN,Shelby County,47157,556,8160
10/21/2020,02/01/2020,10/17/2020,TN,Sullivan County,47163,76,2369
10/21/2020,02/01/2020,10/17/2020,TN,Sumner County,47165,102,1212
10/21/2020,02/01/2020,10/17/2020,TN,Washington County,47179,73,1731
10/21/2020,02/01/2020,10/17/2020,TN,Williamson County,47187,48,927
10/21/2020,02/01/2020,10/17/2020,TN,Wilson County,47189,23,757
10/21/2020,02/01/2020,10/17/2020,TX,Anderson County,48001,31,409
10/21/2020,02/01/2020,10/17/2020,TX,Angelina County,48005,71,834
10/21/2020,02/01/2020,10/17/2020,TX,Atascosa County,48013,16,274
10/21/2020,02/01/2020,10/17/2020,TX,Bee County,48025,11,168
10/21/2020,02/01/2020,10/17/2020,TX,Bell County,48027,131,2319
10/21/2020,02/01/2020,10/17/2020,TX,Bexar County,48029,1805,12832
10/21/2020,02/01/2020,10/17/2020,TX,Bowie County,48037,107,1170
10/21/2020,02/01/2020,10/17/2020,TX,Brazoria County,48039,145,1701
10/21/2020,02/01/2020,10/17/2020,TX,Brazos County,48041,114,1168
10/21/2020,02/01/2020,10/17/2020,TX,Brown County,48049,30,373
10/21/2020,02/01/2020,10/17/2020,TX,Burnet County,48053,17,340
10/21/2020,02/01/2020,10/17/2020,TX,Caldwell County,48055,15,229
10/21/2020,02/01/2020,10/17/2020,TX,Cameron County,48061,1070,3330
10/21/2020,02/01/2020,10/17/2020,TX,Cherokee County,48073,19,328
10/21/2020,02/01/2020,10/17/2020,TX,Collin County,48085,285,4683
10/21/2020,02/01/2020,10/17/2020,TX,Comal County,48091,121,1065
10/21/2020,02/01/2020,10/17/2020,TX,Dallas County,48113,1116,13530
10/21/2020,02/01/2020,10/17/2020,TX,Deaf Smith County,48117,10,74
10/21/2020,02/01/2020,10/17/2020,TX,Denton County,48121,186,3168
10/21/2020,02/01/2020,10/17/2020,TX,DeWitt County,48123,30,151
10/21/2020,02/01/2020,10/17/2020,TX,Ector County,48135,128,1120
10/21/2020,02/01/2020,10/17/2020,TX,Ellis County,48139,47,908
10/21/2020,02/01/2020,10/17/2020,TX,El Paso County,48141,609,5106
10/21/2020,02/01/2020,10/17/2020,TX,Fort Bend County,48157,265,2763
10/21/2020,02/01/2020,10/17/2020,TX,Galveston County,48167,294,2131
10/21/2020,02/01/2020,10/17/2020,TX,Gillespie County,48171,11,258
10/21/2020,02/01/2020,10/17/2020,TX,Grayson County,48181,75,1355
10/21/2020,02/01/2020,10/17/2020,TX,Gregg County,48183,119,1432
10/21/2020,02/01/2020,10/17/2020,TX,Guadalupe County,48187,62,749
10/21/2020,02/01/2020,10/17/2020,TX,Hale County,48189,41,192
10/21/2020,02/01/2020,10/17/2020,TX,Hardin County,48199,10,274
10/21/2020,02/01/2020,10/17/2020,TX,Harris County,48201,2882,24921
10/21/2020,02/01/2020,10/17/2020,TX,Harrison County,48203,16,311
10/21/2020,02/01/2020,10/17/2020,TX,Hays County,48209,35,895
10/21/2020,02/01/2020,10/17/2020,TX,Henderson County,48213,13,641
10/21/2020,02/01/2020,10/17/2020,TX,Hidalgo County,48215,1683,5337
10/21/2020,02/01/2020,10/17/2020,TX,Hood County,48221,28,500
10/21/2020,02/01/2020,10/17/2020,TX,Hopkins County,48223,17,307
10/21/2020,02/01/2020,10/17/2020,TX,Howard County,48227,10,236
10/21/2020,02/01/2020,10/17/2020,TX,Hunt County,48231,39,686
10/21/2020,02/01/2020,10/17/2020,TX,Jefferson County,48245,213,2457
10/21/2020,02/01/2020,10/17/2020,TX,Jim Wells County,48249,16,227
10/21/2020,02/01/2020,10/17/2020,TX,Johnson County,48251,19,756
10/21/2020,02/01/2020,10/17/2020,TX,Karnes County,48255,13,91
10/21/2020,02/01/2020,10/17/2020,TX,Kaufman County,48257,20,564
10/21/2020,02/01/2020,10/17/2020,TX,Kleberg County,48273,35,200
10/21/2020,02/01/2020,10/17/2020,TX,Lamar County,48277,57,549
10/21/2020,02/01/2020,10/17/2020,TX,Lamb County,48279,13,100
10/21/2020,02/01/2020,10/17/2020,TX,Lavaca County,48285,16,160
10/21/2020,02/01/2020,10/17/2020,TX,Liberty County,48291,11,364
10/21/2020,02/01/2020,10/17/2020,TX,Limestone County,48293,12,188
10/21/2020,02/01/2020,10/17/2020,TX,Lubbock County,48303,282,2898
10/21/2020,02/01/2020,10/17/2020,TX,McLennan County,48309,143,1989
10/21/2020,02/01/2020,10/17/2020,TX,Matagorda County,48321,38,242
10/21/2020,02/01/2020,10/17/2020,TX,Maverick County,48323,80,322
10/21/2020,02/01/2020,10/17/2020,TX,Medina County,48325,10,246
10/21/2020,02/01/2020,10/17/2020,TX,Midland County,48329,78,874
10/21/2020,02/01/2020,10/17/2020,TX,Montgomery County,48339,310,4096
10/21/2020,02/01/2020,10/17/2020,TX,Nacogdoches County,48347,98,585
10/21/2020,02/01/2020,10/17/2020,TX,Navarro County,48349,19,332
10/21/2020,02/01/2020,10/17/2020,TX,Nueces County,48355,544,3133
10/21/2020,02/01/2020,10/17/2020,TX,Orange County,48361,10,430
10/21/2020,02/01/2020,10/17/2020,TX,Panola County,48365,10,188
10/21/2020,02/01/2020,10/17/2020,TX,Parker County,48367,33,703
10/21/2020,02/01/2020,10/17/2020,TX,Polk County,48373,13,402
10/21/2020,02/01/2020,10/17/2020,TX,Potter County,48375,179,1638
10/21/2020,02/01/2020,10/17/2020,TX,Randall County,48381,20,494
10/21/2020,02/01/2020,10/17/2020,TX,Rockwall County,48397,59,635
10/21/2020,02/01/2020,10/17/2020,TX,Rusk County,48401,10,307
10/21/2020,02/01/2020,10/17/2020,TX,San Patricio County,48409,12,312
10/21/2020,02/01/2020,10/17/2020,TX,Smith County,48423,275,2947
10/21/2020,02/01/2020,10/17/2020,TX,Somervell County,48425,15,83
10/21/2020,02/01/2020,10/17/2020,TX,Starr County,48427,64,251
10/21/2020,02/01/2020,10/17/2020,TX,Tarrant County,48439,951,12085
10/21/2020,02/01/2020,10/17/2020,TX,Taylor County,48441,86,1312
10/21/2020,02/01/2020,10/17/2020,TX,Titus County,48449,20,257
10/21/2020,02/01/2020,10/17/2020,TX,Tom Green County,48451,93,1019
10/21/2020,02/01/2020,10/17/2020,TX,Travis County,48453,519,5381
10/21/2020,02/01/2020,10/17/2020,TX,Uvalde County,48463,25,192
10/21/2020,02/01/2020,10/17/2020,TX,Val Verde County,48465,69,272
10/21/2020,02/01/2020,10/17/2020,TX,Victoria County,48469,174,920
10/21/2020,02/01/2020,10/17/2020,TX,Walker County,48471,26,351
10/21/2020,02/01/2020,10/17/2020,TX,Waller County,48473,10,186
10/21/2020,02/01/2020,10/17/2020,TX,Washington County,48477,36,256
10/21/2020,02/01/2020,10/17/2020,TX,Webb County,48479,303,1386
10/21/2020,02/01/2020,10/17/2020,TX,Wharton County,48481,32,270
10/21/2020,02/01/2020,10/17/2020,TX,Wichita County,48485,35,1212
10/21/2020,02/01/2020,10/17/2020,TX,Williamson County,48491,198,2707
10/21/2020,02/01/2020,10/17/2020,TX,Wilson County,48493,17,270
10/21/2020,02/01/2020,10/17/2020,TX,Wise County,48497,21,465
10/21/2020,02/01/2020,10/17/2020,TX,Wood County,48499,14,332
10/21/2020,02/01/2020,10/17/2020,UT,Davis County,49011,28,1379
10/21/2020,02/01/2020,10/17/2020,UT,Salt Lake County,49035,339,5925
10/21/2020,02/01/2020,10/17/2020,UT,San Juan County,49037,10,74
10/21/2020,02/01/2020,10/17/2020,UT,Utah County,49049,63,2056
10/21/2020,02/01/2020,10/17/2020,UT,Washington County,49053,56,1329
10/21/2020,02/01/2020,10/17/2020,UT,Weber County,49057,36,1496
10/21/2020,02/01/2020,10/17/2020,VA,Accomack County,51001,20,319
10/21/2020,02/01/2020,10/17/2020,VA,Albemarle County,51003,41,816
10/21/2020,02/01/2020,10/17/2020,VA,Arlington County,51013,170,1117
10/21/2020,02/01/2020,10/17/2020,VA,Augusta County,51015,14,664
10/21/2020,02/01/2020,10/17/2020,VA,Carroll County,51035,11,196
10/21/2020,02/01/2020,10/17/2020,VA,Chesterfield County,51041,81,1863
10/21/2020,02/01/2020,10/17/2020,VA,Culpeper County,51047,13,273
10/21/2020,02/01/2020,10/17/2020,VA,Fairfax County,51059,524,4214
10/21/2020,02/01/2020,10/17/2020,VA,Fauquier County,51061,26,389
10/21/2020,02/01/2020,10/17/2020,VA,Floyd County,51063,12,103
10/21/2020,02/01/2020,10/17/2020,VA,Halifax County,51083,14,333
10/21/2020,02/01/2020,10/17/2020,VA,Hanover County,51085,92,1021
10/21/2020,02/01/2020,10/17/2020,VA,Henrico County,51087,205,2609
10/21/2020,02/01/2020,10/17/2020,VA,James City County,51095,12,517
10/21/2020,02/01/2020,10/17/2020,VA,Loudoun County,51107,133,1399
10/21/2020,02/01/2020,10/17/2020,VA,Mecklenburg County,51117,34,360
10/21/2020,02/01/2020,10/17/2020,VA,Middlesex County,51119,11,126
10/21/2020,02/01/2020,10/17/2020,VA,Northampton County,51131,15,99
10/21/2020,02/01/2020,10/17/2020,VA,Page County,51139,23,186
10/21/2020,02/01/2020,10/17/2020,VA,Patrick County,51141,13,140
10/21/2020,02/01/2020,10/17/2020,VA,Prince Edward County,51147,10,191
10/21/2020,02/01/2020,10/17/2020,VA,Prince William County,51153,129,1340
10/21/2020,02/01/2020,10/17/2020,VA,Rockingham County,51165,52,652
10/21/2020,02/01/2020,10/17/2020,VA,Shenandoah County,51171,39,345
10/21/2020,02/01/2020,10/17/2020,VA,Southampton County,51175,13,99
10/21/2020,02/01/2020,10/17/2020,VA,Spotsylvania County,51177,26,586
10/21/2020,02/01/2020,10/17/2020,VA,Washington County,51191,28,488
10/21/2020,02/01/2020,10/17/2020,VA,York County,51199,19,382
10/21/2020,02/01/2020,10/17/2020,VA,Alexandria city,51510,101,682
10/21/2020,02/01/2020,10/17/2020,VA,Charlottesville city,51540,62,829
10/21/2020,02/01/2020,10/17/2020,VA,Chesapeake city,51550,60,1376
10/21/2020,02/01/2020,10/17/2020,VA,Colonial Heights city,51570,11,167
10/21/2020,02/01/2020,10/17/2020,VA,Danville city,51590,50,630
10/21/2020,02/01/2020,10/17/2020,VA,Emporia city,51595,15,87
10/21/2020,02/01/2020,10/17/2020,VA,Franklin city,51620,21,125
10/21/2020,02/01/2020,10/17/2020,VA,Fredericksburg city,51630,48,640
10/21/2020,02/01/2020,10/17/2020,VA,Galax city,51640,38,149
10/21/2020,02/01/2020,10/17/2020,VA,Hampton city,51650,34,904
10/21/2020,02/01/2020,10/17/2020,VA,Harrisonburg city,51660,16,198
10/21/2020,02/01/2020,10/17/2020,VA,Hopewell city,51670,19,249
10/21/2020,02/01/2020,10/17/2020,VA,Lynchburg city,51680,70,1138
10/21/2020,02/01/2020,10/17/2020,VA,Manassas city,51683,97,405
10/21/2020,02/01/2020,10/17/2020,VA,Martinsville city,51690,48,325
10/21/2020,02/01/2020,10/17/2020,VA,Newport News city,51700,72,1524
10/21/2020,02/01/2020,10/17/2020,VA,Norfolk city,51710,115,2074
10/21/2020,02/01/2020,10/17/2020,VA,Petersburg city,51730,73,604
10/21/2020,02/01/2020,10/17/2020,VA,Portsmouth city,51740,63,839
10/21/2020,02/01/2020,10/17/2020,VA,Richmond city,51760,112,2322
10/21/2020,02/01/2020,10/17/2020,VA,Roanoke city,51770,71,1740
10/21/2020,02/01/2020,10/17/2020,VA,Salem city,51775,37,673
10/21/2020,02/01/2020,10/17/2020,VA,Suffolk city,51800,87,732
10/21/2020,02/01/2020,10/17/2020,VA,Virginia Beach city,51810,87,2381
10/21/2020,02/01/2020,10/17/2020,VA,Winchester city,51840,34,815
10/21/2020,02/01/2020,10/17/2020,VT,Chittenden County,50007,50,1217
10/21/2020,02/01/2020,10/17/2020,WA,Benton County,53005,168,1464
10/21/2020,02/01/2020,10/17/2020,WA,Chelan County,53007,31,710
10/21/2020,02/01/2020,10/17/2020,WA,Clark County,53011,67,2950
10/21/2020,02/01/2020,10/17/2020,WA,Franklin County,53021,36,260
10/21/2020,02/01/2020,10/17/2020,WA,Grant County,53025,12,417
10/21/2020,02/01/2020,10/17/2020,WA,Island County,53029,13,420
10/21/2020,02/01/2020,10/17/2020,WA,King County,53033,754,10609
10/21/2020,02/01/2020,10/17/2020,WA,Kitsap County,53035,16,1526
10/21/2020,02/01/2020,10/17/2020,WA,Kittitas County,53037,20,219
10/21/2020,02/01/2020,10/17/2020,WA,Pierce County,53053,190,5373
10/21/2020,02/01/2020,10/17/2020,WA,Skagit County,53057,20,924
10/21/2020,02/01/2020,10/17/2020,WA,Snohomish County,53061,169,3994
10/21/2020,02/01/2020,10/17/2020,WA,Spokane County,53063,187,4017
10/21/2020,02/01/2020,10/17/2020,WA,Thurston County,53067,23,1788
10/21/2020,02/01/2020,10/17/2020,WA,Walla Walla County,53071,11,463
10/21/2020,02/01/2020,10/17/2020,WA,Whatcom County,53073,54,1329
10/21/2020,02/01/2020,10/17/2020,WA,Yakima County,53077,217,1642
10/21/2020,02/01/2020,10/17/2020,WI,Brown County,55009,107,2006
10/21/2020,02/01/2020,10/17/2020,WI,Dane County,55025,80,3358
10/21/2020,02/01/2020,10/17/2020,WI,Dodge County,55027,19,665
10/21/2020,02/01/2020,10/17/2020,WI,Eau Claire County,55035,13,905
10/21/2020,02/01/2020,10/17/2020,WI,Fond du Lac County,55039,17,737
10/21/2020,02/01/2020,10/17/2020,WI,Grant County,55043,18,320
10/21/2020,02/01/2020,10/17/2020,WI,Kenosha County,55059,85,1152
10/21/2020,02/01/2020,10/17/2020,WI,La Crosse County,55063,25,1067
10/21/2020,02/01/2020,10/17/2020,WI,Marathon County,55073,45,1102
10/21/2020,02/01/2020,10/17/2020,WI,Milwaukee County,55079,542,7453
10/21/2020,02/01/2020,10/17/2020,WI,Outagamie County,55087,63,1264
10/21/2020,02/01/2020,10/17/2020,WI,Ozaukee County,55089,60,856
10/21/2020,02/01/2020,10/17/2020,WI,Racine County,55101,76,1284
10/21/2020,02/01/2020,10/17/2020,WI,Rock County,55105,35,1248
10/21/2020,02/01/2020,10/17/2020,WI,Sheboygan County,55117,25,843
10/21/2020,02/01/2020,10/17/2020,WI,Walworth County,55127,34,629
10/21/2020,02/01/2020,10/17/2020,WI,Washington County,55131,18,776
10/21/2020,02/01/2020,10/17/2020,WI,Waukesha County,55133,98,2624
10/21/2020,02/01/2020,10/17/2020,WI,Waupaca County,55135,23,429
10/21/2020,02/01/2020,10/17/2020,WI,Winnebago County,55139,38,1260
10/21/2020,02/01/2020,10/17/2020,WI,Wood County,55141,19,908
10/21/2020,02/01/2020,10/17/2020,WV,Berkeley County,54003,14,640
10/21/2020,02/01/2020,10/17/2020,WV,Cabell County,54011,16,1343
10/21/2020,02/01/2020,10/17/2020,WV,Harrison County,54033,12,652
10/21/2020,02/01/2020,10/17/2020,WV,Kanawha County,54039,110,2158
10/21/2020,02/01/2020,10/17/2020,WV,Logan County,54045,25,287
10/21/2020,02/01/2020,10/17/2020,WV,Mercer County,54055,25,535
10/21/2020,02/01/2020,10/17/2020,WV,Monongalia County,54061,26,1133
10/21/2020,02/01/2020,10/17/2020,WV,Ohio County,54069,19,658
10/21/2020,02/01/2020,10/17/2020,WV,Wayne County,54099,10,175
10/21/2020,02/01/2020,10/17/2020,WV,Wood County,54107,11,666
10/21/2020,02/01/2020,10/17/2020,WY,Natrona County,56025,14,660
